Knot,Grid ID,tb,r,Parents
8a1,S1131,-8,-1,G1011
8a1,S1132,-8,1,G1011
m8a1,S2261,-4,-1,"G1850, G1849, G1848"
m8a1,S2262,-4,1,"G1850, G1849, G1848"
8a2,S1232,-12,-5,"G1015, G1014"
8a2,S1231,-12,-3,"G1012, G1013, G1014, G1015"
8a2,S1230,-12,-1,"G1018, G1017, G1012, G1013, G1016"
8a2,S1233,-12,1,"G1018, G1019, G1017, G1020, G1016"
8a2,S1234,-12,3,"G1020, G1019, G1021, G1022"
8a2,S1235,-12,5,"G1021, G1022"
m8a2,S2323,0,-1,G1851
m8a2,S2324,0,1,G1851
8a3,S1236,-6,-1,"G1023, G1024"
8a3,S1237,-6,1,"G1023, G1024"
8a4,S1238,-4,-1,"G1025, G1026"
8a4,S1239,-4,1,"G1025, G1026"
m8a4,S2326,-8,-3,"G1852, G1853, G1855"
m8a4,S2327,-8,-3,"G1856, G1854"
m8a4,S2325,-8,-1,"G1853, G1857, G1855, G1852, G1856, G1860, G1858, G1854, G1859"
m8a4,S2328,-8,1,"G1865, G1862, G1857, G1863, G1860, G1858, G1864, G1861, G1859"
m8a4,S2329,-8,3,"G1865, G1862"
m8a4,S2330,-8,3,"G1864, G1863, G1861"
8a5,S1242,-12,-5,G1030
8a5,S1241,-12,-3,"G1030, G1029, G1027, G1028"
8a5,S1240,-12,-1,"G1034, G1027, G1033, G1029, G1031, G1028, G1032"
8a5,S1243,-12,1,"G1034, G1036, G1033, G1035, G1037, G1031, G1032"
8a5,S1244,-12,3,"G1038, G1035, G1037, G1036"
8a5,S1245,-12,5,G1038
m8a5,S2331,0,-1,G1866
m8a5,S2332,0,1,G1866
8a6,S1247,-10,-3,"G1041, G1039"
8a6,S1248,-10,-3,G1040
8a6,S1246,-10,-1,"G1042, G1039, G1040, G1041, G1043"
8a6,S1249,-10,1,"G1046, G1042, G1044, G1045, G1043"
8a6,S1250,-10,3,G1045
8a6,S1251,-10,3,"G1046, G1044"
m8a6,S2333,-2,-1,G1868
m8a6,S2334,-2,-1,G1867
m8a6,S2335,-2,1,G1868
m8a6,S2336,-2,1,G1867
8a7,S1252,-3,-2,G1048
8a7,S1253,-3,-2,G1047
8a7,S1254,-3,0,"G1048, G1049, G1047, G1050"
8a7,S1255,-3,2,G1049
8a7,S1256,-3,2,G1050
m8a7,S2339,-9,-4,G1872
m8a7,S2340,-9,-4,G1873
m8a7,S2337,-9,-2,"G1872, G1871, G1869, G1873"
m8a7,S2338,-9,-2,G1870
m8a7,S2341,-9,0,"G1874, G1870"
m8a7,S2342,-9,0,"G1871, G1876, G1875, G1869"
m8a7,S2346,-9,2,"G1877, G1878, G1876, G1875"
m8a7,S2347,-9,2,G1874
m8a7,S2348,-9,4,G1878
m8a7,S2349,-9,4,G1877
8a8,S1257,-5,-2,G1052
8a8,S1258,-5,-2,G1051
8a8,S1259,-5,-2,G1054
8a8,S1260,-5,-2,G1053
8a8,S1261,-5,-2,G1055
8a8,S1264,-5,0,"G1052, G1060"
8a8,S1265,-5,0,"G1054, G1055, G1058, G1056"
8a8,S1267,-5,0,"G1059, G1053, G1051, G1057"
8a8,S1268,-5,2,G1056
8a8,S1269,-5,2,G1057
8a8,S1270,-5,2,G1059
8a8,S1271,-5,2,G1058
8a8,S1272,-5,2,G1060
m8a8,S2350,-7,-2,G1881
m8a8,S2351,-7,-2,G1880
m8a8,S2352,-7,-2,G1879
m8a8,S2354,-7,0,"G1881, G1882, G1879, G1883, G1884, G1880"
m8a8,S2356,-7,2,G1882
m8a8,S2357,-7,2,G1883
m8a8,S2358,-7,2,G1884
8a9,S1276,-6,-3,"G1061, G1062"
8a9,S1274,-6,-1,"G1064, G1063"
8a9,S1275,-6,-1,"G1061, G1062"
8a9,S1278,-6,1,"G1064, G1063"
8a9,S1279,-6,1,"G1065, G1066"
8a9,S1280,-6,3,"G1065, G1066"
8a10,S1133,-3,-2,"G892, G894"
8a10,S1134,-3,-2,G893
8a10,S1135,-3,-2,G891
8a10,S1136,-3,0,"G896, G892, G891, G895, G894, G898"
8a10,S1137,-3,0,"G897, G893"
8a10,S1138,-3,2,"G898, G895"
8a10,S1139,-3,2,G896
8a10,S1140,-3,2,G897
m8a10,S2268,-9,-4,"G1786, G1785"
m8a10,S2264,-9,-2,G1784
m8a10,S2265,-9,-2,"G1781, G1782, G1780"
m8a10,S2266,-9,-2,"G1786, G1785"
m8a10,S2267,-9,-2,G1783
m8a10,S2269,-9,0,"G1782, G1781, G1787, G1780, G1789, G1788"
m8a10,S2270,-9,0,"G1783, G1790"
m8a10,S2271,-9,0,"G1791, G1784"
m8a10,S2272,-9,2,G1791
m8a10,S2273,-9,2,"G1793, G1792"
m8a10,S2274,-9,2,G1790
m8a10,S2275,-9,2,"G1787, G1789, G1788"
m8a10,S2276,-9,4,"G1793, G1792"
8a11,S1145,-10,-3,G899
8a11,S1146,-10,-3,G900
8a11,S1141,-10,-1,G900
8a11,S1142,-10,-1,G902
8a11,S1143,-10,-1,G901
8a11,S1144,-10,-1,G899
8a11,S1147,-10,1,G902
8a11,S1148,-10,1,G901
8a11,S1149,-10,1,G903
8a11,S1150,-10,1,G904
8a11,S1151,-10,3,G903
8a11,S1152,-10,3,G904
m8a11,S2277,-2,-1,"G1800, G1801, G1794, G1799, G1796"
m8a11,S2278,-2,-1,"G1795, G1798, G1797"
m8a11,S2279,-2,1,"G1801, G1798, G1797, G1799"
m8a11,S2280,-2,1,"G1795, G1794, G1796, G1800"
8a12,S1153,-6,-1,"G909, G906"
8a12,S1154,-6,-1,"G907, G905, G910, G911, G908"
8a12,S1158,-6,1,"G909, G906"
8a12,S1159,-6,1,"G907, G911, G910, G905, G908"
8a13,S1163,-5,-2,"G917, G923"
8a13,S1164,-5,-2,"G919, G916"
8a13,S1165,-5,-2,"G914, G918"
8a13,S1166,-5,-2,"G912, G913"
8a13,S1167,-5,-2,"G920, G922"
8a13,S1168,-5,-2,"G915, G921"
8a13,S1170,-5,0,"G931, G922, G935, G914, G915, G918, G917, G924, G928, G930, G934, G921, G925, G929, G920, G923"
8a13,S1171,-5,0,"G932, G927, G913, G926, G912, G933, G919, G916"
8a13,S1172,-5,2,"G928, G925"
8a13,S1173,-5,2,"G932, G926"
8a13,S1174,-5,2,"G931, G934"
8a13,S1175,-5,2,"G933, G927"
8a13,S1176,-5,2,"G930, G935"
8a13,S1177,-5,2,"G929, G924"
m8a13,S2281,-7,-2,G1802
m8a13,S2282,-7,-2,G1803
m8a13,S2283,-7,0,"G1804, G1803"
m8a13,S2284,-7,0,"G1802, G1805"
m8a13,S2285,-7,2,G1805
m8a13,S2286,-7,2,G1804
8a14,S1182,-10,-3,"G936, G938"
8a14,S1183,-10,-3,"G937, G939"
8a14,S1178,-10,-1,"G941, G947, G938, G950, G942, G936"
8a14,S1179,-10,-1,"G943, G944, G949, G945"
8a14,S1180,-10,-1,"G937, G939, G948, G940, G951, G946"
8a14,S1185,-10,1,"G952, G948, G940, G951, G954, G946"
8a14,S1186,-10,1,"G943, G944, G949, G945"
8a14,S1187,-10,1,"G941, G953, G947, G955, G950, G942"
8a14,S1188,-10,3,"G953, G955"
8a14,S1189,-10,3,"G954, G952"
m8a14,S2288,-2,-1,"G1807, G1810, G1809"
m8a14,S2289,-2,-1,G1808
m8a14,S2291,-2,-1,"G1811, G1806"
m8a14,S2292,-2,1,G1808
m8a14,S2293,-2,1,"G1807, G1809"
m8a14,S2294,-2,1,"G1811, G1806"
m8a14,S2296,-2,1,G1810
8a15,S1195,-14,-3,"G956, G959, G957"
8a15,S1196,-14,-3,G958
8a15,S1191,-14,-1,"G967, G966, G958"
8a15,S1192,-14,-1,"G962, G957, G959, G960, G964, G963, G956, G961, G965"
8a15,S1197,-14,1,"G967, G966, G971"
8a15,S1200,-14,1,"G962, G969, G960, G970, G964, G963, G961, G968, G965"
8a15,S1201,-14,3,G971
8a15,S1202,-14,3,"G970, G968, G969"
m8a15,S2297,2,-1,G1812
m8a15,S2298,2,-1,G1813
m8a15,S2299,2,-1,"G1817, G1816"
m8a15,S2300,2,-1,"G1815, G1814"
m8a15,S2301,2,1,G1817
m8a15,S2302,2,1,"G1812, G1814"
m8a15,S2303,2,1,"G1815, G1816"
m8a15,S2304,2,1,G1813
8a16,S1204,-3,-2,"G974, G973"
8a16,S1205,-3,-2,G972
8a16,S1206,-3,0,"G975, G972"
8a16,S1207,-3,0,"G974, G977, G973, G976"
8a16,S1208,-3,2,G975
8a16,S1209,-3,2,"G977, G976"
m8a16,S2310,-9,-4,"G1832, G1831, G1830"
m8a16,S2305,-9,-2,"G1831, G1832, G1822, G1829, G1824, G1820"
m8a16,S2306,-9,-2,"G1823, G1828, G1818, G1825, G1821"
m8a16,S2308,-9,-2,"G1819, G1827, G1826, G1830"
m8a16,S2312,-9,0,"G1823, G1835, G1828, G1837, G1821, G1844, G1836, G1825, G1839, G1818"
m8a16,S2314,-9,0,"G1838, G1824, G1841, G1822, G1829, G1833, G1843, G1820"
m8a16,S2315,-9,0,"G1827, G1840, G1842, G1819, G1826, G1834"
m8a16,S2316,-9,2,"G1845, G1840, G1842, G1834"
m8a16,S2317,-9,2,"G1838, G1847, G1846, G1841, G1833, G1843"
m8a16,S2319,-9,2,"G1835, G1837, G1844, G1836, G1839"
m8a16,S2322,-9,4,"G1847, G1845, G1846"
8a17,S1214,-6,-3,G982
8a17,S1215,-6,-3,"G979, G978"
8a17,S1216,-6,-3,G980
8a17,S1217,-6,-3,"G981, G983"
8a17,S1210,-6,-1,"G987, G985, G981, G992, G989, G983"
8a17,S1211,-6,-1,"G999, G988, G979, G984, G986, G978"
8a17,S1212,-6,-1,"G996, G997, G980, G998, G993"
8a17,S1213,-6,-1,"G994, G991, G995, G990, G982"
8a17,S1218,-6,1,"G987, G985, G1001, G989, G992, G1000"
8a17,S1219,-6,1,"G1004, G996, G997, G998, G993"
8a17,S1220,-6,1,"G999, G1005, G988, G984, G986, G1002"
8a17,S1221,-6,1,"G994, G991, G995, G990, G1003"
8a17,S1222,-6,3,"G1000, G1001"
8a17,S1223,-6,3,G1003
8a17,S1224,-6,3,"G1005, G1002"
8a17,S1225,-6,3,G1004
8a18,S1227,-6,-3,G1006
8a18,S1226,-6,-1,"G1006, G1008, G1007, G1009"
8a18,S1228,-6,1,"G1008, G1009, G1007, G1010"
8a18,S1229,-6,3,G1010
10n2,S64,-5,-2,G180
10n2,S65,-5,0,"G180, G181"
10n2,S66,-5,2,G181
m10n2,S1330,-7,-4,G1185
m10n2,S1329,-7,-2,"G1184, G1185"
m10n2,S1331,-7,0,"G1184, G1186"
m10n2,S1332,-7,2,"G1186, G1187"
m10n2,S1333,-7,4,G1187
10n3,S179,-1,-2,"G249, G250"
10n3,S180,-1,0,"G251, G249, G252, G250"
10n3,S181,-1,2,"G251, G252"
m10n3,S1420,-11,-4,G1269
m10n3,S1419,-11,-2,"G1268, G1269"
m10n3,S1421,-11,0,"G1268, G1270"
m10n3,S1422,-11,2,"G1271, G1270"
m10n3,S1423,-11,4,G1271
10n4,S235,-14,-5,G285
10n4,S236,-14,-5,G286
10n4,S234,-14,-3,"G283, G285, G284, G282, G279, G286, G281, G280"
10n4,S233,-14,-1,"G291, G283, G289, G288, G280, G290, G294, G279, G282, G284, G292, G281, G293, G287"
10n4,S237,-14,1,"G295, G299, G291, G288, G289, G290, G294, G296, G300, G297, G292, G298, G293, G287"
10n4,S238,-14,3,"G295, G299, G302, G296, G301, G300, G297, G298"
10n4,S239,-14,5,G301
10n4,S240,-14,5,G302
m10n4,S1471,2,-1,"G1312, G1315"
m10n4,S1472,2,-1,"G1314, G1313"
m10n4,S1473,2,1,"G1312, G1315"
m10n4,S1474,2,1,"G1314, G1313"
10n6,S263,-7,-2,"G304, G306, G307, G305"
10n6,S264,-7,-2,"G308, G309, G310, G303"
10n6,S268,-7,0,"G312, G318, G308, G317, G310, G316, G314, G305, G311, G307, G313, G304, G306, G303, G304, G313"
10n6,S272,-7,2,"G312, G317, G313, G311"
10n6,S273,-7,2,"G316, G315, G318, G314"
m10n6,S1504,-5,-2,G1316
m10n6,S1505,-5,0,"G1316, G1317"
m10n6,S1506,-5,2,G1317
10n7,S274,-3,-2,G319
10n7,S275,-3,-2,G320
10n7,S277,-3,0,"G319, G320, G322, G321"
10n7,S278,-3,2,G322
10n7,S279,-3,2,G321
m10n7,S1507,-9,-2,G1318
m10n7,S1508,-9,0,"G1318, G1319"
m10n7,S1509,-9,2,G1319
10n8,S281,-12,-3,G323
10n8,S282,-12,-3,G324
10n8,S280,-12,-1,"G329, G326, G324, G325, G328, G327, G330, G323"
10n8,S283,-12,1,"G329, G326, G332, G325, G327, G328, G330, G331"
10n8,S284,-12,3,G331
10n8,S285,-12,3,G332
m10n8,S1510,0,-1,G1326
m10n8,S1511,0,-1,G1321
m10n8,S1512,0,-1,"G1324, G1329, G1325"
m10n8,S1513,0,-1,"G1328, G1327, G1320"
m10n8,S1514,0,-1,G1323
m10n8,S1515,0,-1,G1322
m10n8,S1516,0,1,G1321
m10n8,S1517,0,1,"G1329, G1322, G1327, G1320"
m10n8,S1518,0,1,G1326
m10n8,S1519,0,1,"G1324, G1328, G1325"
m10n8,S1520,0,1,G1323
10n10,S10,-12,-3,G1
10n10,S8,-12,-3,G2
10n10,S9,-12,-3,G3
10n10,S2,-12,-1,"G9, G5, G7, G11, G4, G8, G6, G10"
10n10,S5,-12,-1,"G2, G3, G1"
10n10,S14,-12,1,"G9, G11, G4, G8, G6, G10, G5, G7"
10n10,S16,-12,1,"G12, G13, G14"
10n10,S18,-12,3,G12
10n10,S19,-12,3,G13
10n10,S20,-12,3,G14
m10n10,S1281,0,-1,G1068
m10n10,S1282,0,-1,G1067
m10n10,S1283,0,-1,G1071
m10n10,S1284,0,-1,G1070
m10n10,S1285,0,-1,G1069
m10n10,S1286,0,1,G1071
m10n10,S1287,0,1,G1068
m10n10,S1288,0,1,G1069
m10n10,S1289,0,1,G1067
m10n10,S1290,0,1,G1070
10n11,S22,-16,-3,"G16, G15, G17, G18"
10n11,S21,-16,-1,"G21, G19, G20, G17, G18, G22, G15, G16"
10n11,S23,-16,1,"G26, G21, G19, G20, G22, G24, G25, G23"
10n11,S24,-16,3,"G25, G23, G24, G26"
m10n11,S1291,4,-1,G1076
m10n11,S1292,4,-1,G1075
m10n11,S1293,4,-1,G1074
m10n11,S1294,4,-1,G1073
m10n11,S1295,4,-1,G1072
m10n11,S1296,4,1,G1074
m10n11,S1297,4,1,G1075
m10n11,S1298,4,1,G1072
m10n11,S1299,4,1,G1073
m10n11,S1300,4,1,G1076
10n12,S25,-7,-2,"G27, G31, G30"
10n12,S26,-7,-2,"G32, G28"
10n12,S28,-7,-2,G29
10n12,S29,-7,-2,G33
10n12,S30,-7,0,"G27, G33, G36, G35"
10n12,S32,-7,0,"G37, G29"
10n12,S33,-7,0,"G31, G32, G34, G28, G30, G38, G39, G40"
10n12,S36,-7,2,"G34, G38"
10n12,S37,-7,2,"G39, G40, G35"
10n12,S39,-7,2,G36
10n12,S40,-7,2,G37
m10n12,S1301,-5,-2,G1078
m10n12,S1302,-5,-2,G1079
m10n12,S1303,-5,-2,G1077
m10n12,S1304,-5,-2,G1080
m10n12,S1306,-5,0,"G1077, G1080, G1084, G1081"
m10n12,S1308,-5,0,"G1083, G1079, G1078, G1082"
m10n12,S1309,-5,2,G1082
m10n12,S1310,-5,2,G1083
m10n12,S1311,-5,2,G1084
m10n12,S1312,-5,2,G1081
10n14,S43,-8,-1,"G42, G46, G50, G41, G51, G47"
10n14,S46,-8,-1,"G45, G44, G52, G48, G49, G43"
10n14,S48,-8,1,"G42, G46, G50, G41, G51, G47"
10n14,S49,-8,1,"G45, G44, G52, G48, G49, G43"
m10n14,S1313,-4,-1,G1085
m10n14,S1314,-4,-1,G1087
m10n14,S1315,-4,-1,G1088
m10n14,S1316,-4,-1,G1086
m10n14,S1317,-4,1,G1087
m10n14,S1318,-4,1,G1086
m10n14,S1319,-4,1,G1085
m10n14,S1320,-4,1,G1088
10n15,S54,-8,-1,"G57, G59"
10n15,S55,-8,-1,G54
10n15,S56,-8,-1,"G55, G53, G58, G56, G61, G60"
10n15,S57,-8,1,G54
10n15,S58,-8,1,"G57, G59"
10n15,S59,-8,1,"G55, G53, G58, G56, G61, G60"
m10n15,S1321,-4,-1,"G1092, G1093"
m10n15,S1322,-4,-1,"G1091, G1090, G1089"
m10n15,S1323,-4,1,"G1092, G1093"
m10n15,S1324,-4,1,"G1091, G1090, G1089"
10n18,S61,-8,-3,G62
10n18,S60,-8,-1,"G65, G64, G63, G62"
10n18,S62,-8,1,"G64, G65, G66, G63"
10n18,S63,-8,3,G66
m10n18,S1326,-4,-3,G1094
m10n18,S1325,-4,-1,"G1098, G1096, G1095, G1094, G1097"
m10n18,S1327,-4,1,"G1098, G1096, G1095, G1099, G1097"
m10n18,S1328,-4,3,G1099
10n20,S67,-1,-2,G68
10n20,S68,-1,-2,G67
10n20,S69,-1,0,"G68, G70"
10n20,S70,-1,0,"G69, G67"
10n20,S71,-1,2,G70
10n20,S72,-1,2,G69
m10n20,S1339,-11,-4,G1105
m10n20,S1340,-11,-4,G1106
m10n20,S1334,-11,-2,"G1104, G1105, G1101"
m10n20,S1338,-11,-2,"G1103, G1100, G1102, G1106"
m10n20,S1341,-11,0,"G1104, G1108, G1107, G1101"
m10n20,S1342,-11,0,"G1102, G1100, G1111, G1110, G1103, G1109"
m10n20,S1346,-11,2,"G1111, G1110, G1112, G1109"
m10n20,S1347,-11,2,"G1108, G1107, G1113"
m10n20,S1348,-11,4,G1113
m10n20,S1349,-11,4,G1112
10n21,S74,-10,-3,"G76, G71, G75"
10n21,S75,-10,-3,"G72, G74, G73"
10n21,S73,-10,-1,"G89, G74, G78, G73, G88, G84, G82, G71, G90, G75, G92, G76, G79, G83, G72, G93, G85, G91, G81, G80, G86, G87, G77"
10n21,S76,-10,1,"G97, G89, G94, G78, G88, G84, G82, G90, G92, G96, G79, G83, G98, G85, G91, G93, G81, G80, G99, G86, G87, G77, G95"
10n21,S77,-10,3,"G98, G95, G94"
10n21,S78,-10,3,"G97, G96, G99"
m10n21,S1350,-2,-1,G1114
m10n21,S1351,-2,1,G1114
10n23,S79,-5,-2,G100
10n23,S80,-5,0,"G100, G101"
10n23,S81,-5,2,G101
m10n23,S1352,-7,-2,"G1119, G1118"
m10n23,S1353,-7,-2,G1124
m10n23,S1354,-7,-2,"G1117, G1123"
m10n23,S1355,-7,-2,"G1121, G1115"
m10n23,S1356,-7,-2,G1122
m10n23,S1357,-7,-2,"G1116, G1126"
m10n23,S1358,-7,-2,"G1120, G1125"
m10n23,S1359,-7,0,"G1127, G1131, G1128, G1137, G1115, G1129, G1134, G1138, G1119, G1123, G1130, G1136, G1118, G1126, G1124, G1125, G1132, G1122, G1117, G1120, G1116, G1121, G1133, G1135"
m10n23,S1360,-7,2,G1132
m10n23,S1361,-7,2,"G1131, G1133"
m10n23,S1362,-7,2,"G1134, G1130"
m10n23,S1363,-7,2,"G1135, G1137"
m10n23,S1364,-7,2,"G1136, G1128"
m10n23,S1365,-7,2,G1129
m10n23,S1366,-7,2,"G1127, G1138"
10n24,S84,-8,-3,G1885
10n24,S85,-8,-3,G2291
10n24,S82,-8,-1,"G2293, G2292, G2291"
10n24,S83,-8,-1,"G1885, G1886, G1887"
10n24,S86,-8,1,"G2294, G2293, G2292"
10n24,S87,-8,1,"G1886, G1888, G1887"
10n24,S88,-8,3,G1888
10n24,S89,-8,3,G2294
m10n24,S1368,-4,-1,"G2121, G2123"
m10n24,S1369,-4,-1,"G2120, G2122, G2124"
m10n24,S1371,-4,-1,"G2526, G2529"
m10n24,S1372,-4,-1,"G2528, G2527, G2530"
m10n24,S1373,-4,1,"G2120, G2123"
m10n24,S1374,-4,1,"G2526, G2528"
m10n24,S1375,-4,1,"G2122, G2121, G2124"
m10n24,S1376,-4,1,"G2530, G2527, G2529"
10n25,S90,-1,-2,G102
10n25,S91,-1,-2,G105
10n25,S92,-1,-2,G103
10n25,S93,-1,-2,G104
10n25,S94,-1,0,"G105, G108"
10n25,S95,-1,0,"G102, G109"
10n25,S96,-1,0,"G106, G104"
10n25,S97,-1,0,"G107, G103"
10n25,S100,-1,2,G107
10n25,S101,-1,2,G106
10n25,S98,-1,2,G108
10n25,S99,-1,2,G109
m10n25,S1381,-11,-4,G1147
m10n25,S1382,-11,-4,G1148
m10n25,S1377,-11,-2,G1146
m10n25,S1378,-11,-2,"G1145, G1144, G1147, G1141"
m10n25,S1379,-11,-2,G1143
m10n25,S1380,-11,-2,"G1140, G1148, G1139, G1142"
m10n25,S1383,-11,0,"G1149, G1143"
m10n25,S1385,-11,0,"G1151, G1139, G1156, G1142, G1140, G1150"
m10n25,S1387,-11,0,"G1145, G1155, G1153, G1154, G1144, G1141"
m10n25,S1388,-11,0,"G1146, G1152"
m10n25,S1389,-11,2,"G1153, G1155, G1154, G1158"
m10n25,S1390,-11,2,"G1156, G1157, G1151, G1150"
m10n25,S1391,-11,2,G1152
m10n25,S1392,-11,2,G1149
m10n25,S1393,-11,4,G1157
m10n25,S1394,-11,4,G1158
10n26,S106,-14,-5,G2305
10n26,S107,-14,-5,G1899
10n26,S104,-14,-3,"G2304, G2305, G2297, G2300, G2303, G2296, G2301, G2299, G2302, G2295, G2298"
10n26,S105,-14,-3,"G1890, G1889, G1895, G1893, G1891, G1896, G1897, G1894, G1899, G1898, G1892"
10n26,S102,-14,-1,"G1890, G1895, G1904, G1892, G1909, G1913, G1903, G1906, G1897, G1908, G1898, G1889, G1912, G1893, G1911, G1896, G1894, G1900, G1902, G1910, G1907, G1901, G1891, G1905"
10n26,S103,-14,-1,"G2304, G2307, G2308, G2313, G2302, G2296, G2315, G2310, G2309, G2303, G2311, G2299, G2295, G2298, G2314, G2317, G2300, G2297, G2316, G2318, G2319, G2312, G2306, G2301"
10n26,S108,-14,1,"G1916, G1920, G1904, G1917, G1915, G1921, G1923, G1914, G1909, G1913, G1903, G1918, G1906, G1919, G1908, G1912, G1911, G1900, G1902, G1910, G1922, G1907, G1901, G1905"
10n26,S109,-14,1,"G2307, G2324, G2308, G2313, G2322, G2315, G2310, G2323, G2309, G2311, G2314, G2329, G2320, G2317, G2316, G2325, G2328, G2318, G2319, G2327, G2312, G2306, G2321, G2326"
10n26,S110,-14,3,"G2325, G2328, G2324, G2320, G2323, G2330, G2327, G2322, G2321, G2326, G2329"
10n26,S111,-14,3,"G1916, G1920, G1918, G1917, G1915, G1921, G1919, G1923, G1924, G1914, G1922"
10n26,S112,-14,5,G1924
10n26,S113,-14,5,G2330
m10n26,S1395,2,-1,"G2532, G2531"
m10n26,S1396,2,-1,"G2125, G2126"
m10n26,S1397,2,1,"G2125, G2126"
m10n26,S1398,2,1,"G2532, G2531"
10n27,S122,-12,-3,"G110, G111, G115"
10n27,S123,-12,-3,"G112, G113, G114"
10n27,S114,-12,-1,"G122, G114, G124"
10n27,S115,-12,-1,"G123, G112"
10n27,S117,-12,-1,"G116, G110, G118"
10n27,S119,-12,-1,"G120, G111"
10n27,S120,-12,-1,"G125, G113, G119"
10n27,S121,-12,-1,"G121, G117, G115"
10n27,S128,-12,1,"G123, G130"
10n27,S130,-12,1,"G127, G122, G124"
10n27,S131,-12,1,"G120, G126"
10n27,S132,-12,1,"G128, G116, G118"
10n27,S134,-12,1,"G129, G121, G117"
10n27,S135,-12,1,"G131, G125, G119"
10n27,S136,-12,3,"G129, G126, G128"
10n27,S138,-12,3,"G127, G130, G131"
m10n27,S1399,0,-1,G1168
m10n27,S1400,0,-1,G1161
m10n27,S1401,0,-1,"G1169, G1159, G1164"
m10n27,S1402,0,-1,"G1160, G1170, G1162"
m10n27,S1403,0,-1,"G1163, G1166"
m10n27,S1404,0,-1,"G1165, G1167"
m10n27,S1405,0,1,"G1165, G1167"
m10n27,S1406,0,1,"G1168, G1159, G1164"
m10n27,S1407,0,1,G1160
m10n27,S1408,0,1,G1169
m10n27,S1409,0,1,"G1163, G1166"
m10n27,S1410,0,1,"G1161, G1170, G1162"
10n28,S142,-3,-2,"G133, G138"
10n28,S143,-3,-2,"G146, G147, G149"
10n28,S144,-3,-2,"G145, G148"
10n28,S145,-3,-2,G142
10n28,S146,-3,-2,"G137, G140, G139"
10n28,S147,-3,-2,G134
10n28,S148,-3,-2,"G132, G143"
10n28,S149,-3,-2,G141
10n28,S150,-3,-2,G150
10n28,S151,-3,-2,"G151, G135, G144"
10n28,S152,-3,-2,G136
10n28,S155,-3,0,"G171, G136, G157, G134"
10n28,S157,-3,0,"G166, G142, G162, G150"
10n28,S158,-3,0,"G159, G141"
10n28,S159,-3,0,"G132, G140, G156, G148, G154, G168, G167, G139, G153, G164, G145, G137, G163, G143"
10n28,S161,-3,0,"G135, G151, G155, G146, G160, G165, G144, G170, G133, G138, G149, G169, G147, G158, G161, G152"
10n28,S162,-3,2,"G153, G154"
10n28,S163,-3,2,G166
10n28,S164,-3,2,G171
10n28,S165,-3,2,"G164, G168, G167"
10n28,S166,-3,2,"G160, G169"
10n28,S167,-3,2,"G155, G165, G152"
10n28,S168,-3,2,G157
10n28,S169,-3,2,"G158, G161, G170"
10n28,S170,-3,2,"G163, G156"
10n28,S171,-3,2,G162
10n28,S172,-3,2,G159
m10n28,S1411,-9,-2,"G1171, G1175, G1172"
m10n28,S1412,-9,-2,"G1174, G1176, G1173"
m10n28,S1413,-9,0,"G1173, G1176, G1180, G1182, G1179, G1174"
m10n28,S1414,-9,0,"G1181, G1178, G1177, G1175, G1171, G1172"
m10n28,S1415,-9,2,"G1179, G1180, G1182"
m10n28,S1416,-9,2,"G1181, G1178, G1177"
10n29,S174,-18,-3,G173
10n29,S175,-18,-3,G172
10n29,S173,-18,-1,"G173, G177, G176, G174, G175, G172"
10n29,S176,-18,1,"G177, G178, G176, G179, G174, G175"
10n29,S177,-18,3,G178
10n29,S178,-18,3,G179
m10n29,S1417,6,-1,G1183
m10n29,S1418,6,1,G1183
10n30,S182,-5,-2,G183
10n30,S183,-5,-2,G182
10n30,S184,-5,0,"G185, G182"
10n30,S185,-5,0,"G183, G184"
10n30,S186,-5,2,G185
10n30,S187,-5,2,G184
m10n30,S1424,-7,-2,G1189
m10n30,S1425,-7,-2,G1188
m10n30,S1426,-7,0,"G1188, G1190"
m10n30,S1427,-7,0,"G1189, G1191"
m10n30,S1428,-7,2,G1190
m10n30,S1429,-7,2,G1191
10n31,S189,-16,-3,G188
10n31,S190,-16,-3,G186
10n31,S191,-16,-3,G187
10n31,S188,-16,-1,"G190, G188, G189, G186, G194, G191, G192, G187, G193"
10n31,S192,-16,1,"G190, G189, G195, G196, G194, G191, G197, G192, G193"
10n31,S193,-16,3,G196
10n31,S194,-16,3,G197
10n31,S195,-16,3,G195
m10n31,S1430,4,-1,G1192
m10n31,S1431,4,-1,G1193
m10n31,S1432,4,1,G1193
m10n31,S1433,4,1,G1192
10n32,S198,-4,-3,"G198, G199"
10n32,S196,-4,-1,G199
10n32,S197,-4,-1,"G200, G198, G201"
10n32,S200,-4,1,G203
10n32,S201,-4,1,"G202, G200, G201"
10n32,S203,-4,3,"G203, G202"
m10n32,S1435,-8,-3,G1194
m10n32,S1434,-8,-1,"G1196, G1195, G1194"
m10n32,S1436,-8,1,"G1196, G1197, G1195"
m10n32,S1437,-8,3,G1197
10n33,S204,-3,-2,"G209, G212, G210"
10n33,S205,-3,-2,"G213, G207, G208"
10n33,S207,-3,-2,"G206, G204, G211, G205"
10n33,S209,-3,0,"G206, G214, G208, G219, G215, G209, G207, G211, G221, G212, G205, G217, G218, G204, G222, G220"
10n33,S210,-3,0,"G213, G210, G216, G223"
10n33,S212,-3,2,"G223, G218, G222"
10n33,S213,-3,2,"G215, G216, G220"
10n33,S215,-3,2,"G214, G219, G221, G217"
m10n33,S1438,-9,-2,G1199
m10n33,S1439,-9,-2,G1198
m10n33,S1440,-9,0,"G1201, G1199"
m10n33,S1441,-9,0,"G1200, G1198"
m10n33,S1442,-9,2,G1201
m10n33,S1443,-9,2,G1200
10n34,S216,2,-1,G224
10n34,S217,2,1,G224
m10n34,S1446,-14,-5,G1206
m10n34,S1445,-14,-3,"G1202, G1205, G1203, G1206, G1204"
m10n34,S1444,-14,-1,"G1212, G1207, G1210, G1202, G1205, G1214, G1203, G1209, G1213, G1204, G1208, G1211"
m10n34,S1447,-14,1,"G1212, G1207, G1210, G1216, G1214, G1217, G1218, G1209, G1208, G1213, G1215, G1211"
m10n34,S1448,-14,3,"G1216, G1219, G1217, G1218, G1215"
m10n34,S1449,-14,5,G1219
10n35,S218,-6,-1,"G226, G225"
10n35,S219,-6,1,"G226, G225"
m10n35,S1451,-6,-3,"G1225, G1220, G1226, G1221"
m10n35,S1452,-6,-3,"G1227, G1222, G1224, G1223"
m10n35,S1450,-6,-1,"G1236, G1223, G1239, G1228, G1238, G1232, G1227, G1234, G1235, G1231, G1224, G1221, G1233, G1229, G1222, G1225, G1230, G1220, G1226, G1237"
m10n35,S1453,-6,1,"G1236, G1244, G1246, G1245, G1239, G1228, G1241, G1238, G1232, G1234, G1235, G1243, G1231, G1247, G1233, G1240, G1229, G1242, G1230, G1237"
m10n35,S1454,-6,3,"G1242, G1244, G1240, G1245"
m10n35,S1455,-6,3,"G1247, G1241, G1246, G1243"
10n36,S223,-11,-4,G236
10n36,S220,-11,-2,"G235, G231, G234"
10n36,S221,-11,-2,"G230, G236, G228, G227, G233, G232"
10n36,S222,-11,-2,G229
10n36,S224,-11,0,"G230, G240, G237, G245, G244, G228, G227, G241, G233, G232"
10n36,S225,-11,0,"G242, G243, G231, G235, G239, G234"
10n36,S226,-11,0,"G229, G238"
10n36,S227,-11,2,G238
10n36,S228,-11,2,"G240, G237, G245, G244, G241, G246"
10n36,S229,-11,2,"G239, G243, G242"
10n36,S230,-11,4,G246
m10n36,S1456,-1,-2,G1250
m10n36,S1457,-1,-2,G1249
m10n36,S1458,-1,-2,G1248
m10n36,S1459,-1,0,"G1253, G1249"
m10n36,S1460,-1,0,"G1250, G1251"
m10n36,S1461,-1,0,"G1252, G1248"
m10n36,S1462,-1,2,G1252
m10n36,S1463,-1,2,G1251
m10n36,S1464,-1,2,G1253
10n39,S231,-2,-1,"G248, G247"
10n39,S232,-2,1,"G248, G247"
m10n39,S1466,-10,-3,"G1257, G1254"
m10n39,S1467,-10,-3,"G1256, G1255"
m10n39,S1465,-10,-1,"G1257, G1260, G1254, G1258, G1255, G1262, G1263, G1256, G1261, G1259"
m10n39,S1468,-10,1,"G1260, G1266, G1264, G1267, G1265, G1258, G1262, G1263, G1261, G1259"
m10n39,S1469,-10,3,"G1267, G1265"
m10n39,S1470,-10,3,"G1264, G1266"
10n40,S241,-9,-2,"G255, G254"
10n40,S242,-9,-2,G253
10n40,S243,-9,0,"G256, G253"
10n40,S244,-9,0,"G258, G255, G254, G257"
10n40,S245,-9,2,"G258, G257"
10n40,S246,-9,2,G256
m10n40,S1475,-3,-2,"G1277, G1275, G1272"
m10n40,S1476,-3,-2,"G1281, G1279, G1280"
m10n40,S1477,-3,-2,"G1274, G1273"
m10n40,S1478,-3,-2,"G1278, G1276"
m10n40,S1479,-3,0,"G1289, G1273, G1286, G1275, G1283, G1274, G1277, G1272, G1285, G1291"
m10n40,S1480,-3,0,"G1278, G1280, G1290, G1284, G1281, G1282, G1287, G1279, G1276, G1288"
m10n40,S1481,-3,2,"G1287, G1288"
m10n40,S1482,-3,2,"G1286, G1291"
m10n40,S1483,-3,2,"G1290, G1284, G1282"
m10n40,S1484,-3,2,"G1289, G1283, G1285"
10n41,S247,-5,-2,"G260, G261, G259"
10n41,S248,-5,0,"G263, G261, G259, G262, G264, G260"
10n41,S249,-5,2,"G262, G264, G263"
m10n41,S1485,-7,-2,G1293
m10n41,S1486,-7,-2,"G1292, G1297"
m10n41,S1487,-7,-2,G1296
m10n41,S1488,-7,-2,"G1298, G1294, G1295"
m10n41,S1490,-7,0,"G1294, G1303"
m10n41,S1491,-7,0,"G1292, G1298, G1305, G1300, G1297, G1304, G1301, G1295"
m10n41,S1492,-7,0,"G1299, G1302, G1296, G1293"
m10n41,S1493,-7,2,"G1300, G1301"
m10n41,S1494,-7,2,"G1304, G1305"
m10n41,S1495,-7,2,G1299
m10n41,S1496,-7,2,G1302
m10n41,S1497,-7,2,G1303
10n42,S250,0,-1,"G271, G273, G277, G268"
10n42,S251,0,-1,G270
10n42,S252,0,-1,"G275, G266, G274, G272"
10n42,S253,0,-1,G276
10n42,S254,0,-1,G265
10n42,S255,0,-1,"G269, G278, G267"
10n42,S256,0,1,"G269, G278, G265"
10n42,S257,0,1,"G275, G271, G273, G272"
10n42,S258,0,1,G267
10n42,S259,0,1,G270
10n42,S260,0,1,G276
10n42,S261,0,1,"G277, G268, G266, G274"
m10n42,S1500,-12,-3,G1306
m10n42,S1498,-12,-1,"G1307, G1308"
m10n42,S1499,-12,-1,"G1309, G1310, G1306"
m10n42,S1501,-12,1,"G1307, G1308"
m10n42,S1502,-12,1,"G1309, G1310, G1311"
m10n42,S1503,-12,3,G1311
11n12,S322,-9,-2,"G365, G366"
11n12,S323,-9,-2,"G364, G360"
11n12,S324,-9,-2,"G363, G362"
11n12,S325,-9,-2,"G361, G359"
11n12,S326,-9,0,"G371, G363, G364, G372, G366, G362, G361, G360, G370, G365, G368, G374, G367, G373, G359, G369"
11n12,S327,-9,2,"G371, G367"
11n12,S328,-9,2,"G372, G369"
11n12,S329,-9,2,"G374, G370"
11n12,S330,-9,2,"G373, G368"
m11n12,S1554,-3,-2,G1358
m11n12,S1555,-3,-2,G1357
m11n12,S1556,-3,0,"G1360, G1357"
m11n12,S1557,-3,0,"G1358, G1359"
m11n12,S1558,-3,2,G1359
m11n12,S1559,-3,2,G1360
11n20,S400,-4,-1,"G422, G428, G424, G432, G429, G430, G425, G423, G420"
11n20,S401,-4,-1,"G426, G421, G427, G433, G418, G416, G417, G419, G431"
11n20,S402,-4,1,"G422, G428, G421, G429, G430, G425, G417, G423, G420"
11n20,S403,-4,1,"G426, G424, G427, G432, G433, G418, G416, G419, G431"
m11n20,S1643,-8,-1,"G1412, G1413"
m11n20,S1644,-8,1,"G1412, G1413"
11n23,S404,-11,-2,G2362
11n23,S405,-11,-2,G1956
11n23,S406,-11,0,"G1957, G1956"
11n23,S407,-11,0,"G2362, G2363"
11n23,S408,-11,2,G2363
11n23,S409,-11,2,G1957
m11n23,S1645,-1,-2,"G2168, G2167"
m11n23,S1646,-1,-2,"G2571, G2572"
m11n23,S1647,-1,-2,"G2166, G2165"
m11n23,S1648,-1,-2,"G2574, G2573"
m11n23,S1649,-1,0,"G2165, G2171, G2172, G2170, G2169, G2167, G2168, G2166"
m11n23,S1650,-1,0,"G2577, G2574, G2571, G2576, G2578, G2573, G2572, G2575"
m11n23,S1651,-1,2,"G2576, G2578"
m11n23,S1652,-1,2,"G2170, G2169"
m11n23,S1653,-1,2,"G2171, G2172"
m11n23,S1654,-1,2,"G2577, G2575"
11n24,S410,-7,-2,"G1960, G1958"
11n24,S411,-7,-2,G2365
11n24,S412,-7,-2,G1959
11n24,S413,-7,-2,"G2364, G2366"
11n24,S414,-7,0,"G1959, G1962, G1960, G1963, G1958, G1961"
11n24,S415,-7,0,"G2368, G2364, G2367, G2365, G2366, G2369"
11n24,S416,-7,2,"G2369, G2367"
11n24,S417,-7,2,G1961
11n24,S418,-7,2,"G1962, G1963"
11n24,S419,-7,2,G2368
m11n24,S1655,-5,-2,"G1415, G1417"
m11n24,S1656,-5,-2,G1418
m11n24,S1657,-5,-2,"G1419, G1414"
m11n24,S1658,-5,-2,"G1416, G1420"
m11n24,S1659,-5,-2,G1421
m11n24,S1660,-5,0,"G1416, G1425, G1417, G1420, G1423, G1422, G1415, G1424"
m11n24,S1661,-5,0,"G1426, G1414, G1418, G1428, G1429, G1419"
m11n24,S1662,-5,0,"G1427, G1421"
m11n24,S1663,-5,2,"G1426, G1428"
m11n24,S1664,-5,2,"G1422, G1424"
m11n24,S1665,-5,2,"G1423, G1425"
m11n24,S1666,-5,2,G1429
m11n24,S1667,-5,2,G1427
11n27,S422,-14,-3,G2370
11n27,S423,-14,-3,G1964
11n27,S420,-14,-1,"G1966, G1965, G1964"
11n27,S421,-14,-1,"G2371, G2370, G2372"
11n27,S424,-14,1,"G1966, G1967, G1965"
11n27,S425,-14,1,"G2371, G2373, G2372"
11n27,S426,-14,3,G2373
11n27,S427,-14,3,G1967
m11n27,S1668,2,-1,"G2579, G2580"
m11n27,S1669,2,-1,"G2174, G2173"
m11n27,S1670,2,1,"G2174, G2173"
m11n27,S1671,2,1,"G2579, G2580"
11n37,S428,-4,-1,"G1968, G1969"
11n37,S429,-4,-1,"G2374, G2375"
11n37,S430,-4,1,"G2374, G2375"
11n37,S431,-4,1,"G1968, G1969"
m11n37,S1674,-8,-3,"G2178, G2175"
m11n37,S1675,-8,-3,"G2584, G2581"
m11n37,S1676,-8,-3,"G2582, G2583"
m11n37,S1677,-8,-3,"G2176, G2177"
m11n37,S1672,-8,-1,"G2586, G2584, G2583, G2588, G2585, G2581, G2587, G2582"
m11n37,S1673,-8,-1,"G2176, G2177, G2179, G2178, G2182, G2180, G2181, G2175"
m11n37,S1678,-8,1,"G2586, G2589, G2590, G2588, G2585, G2587, G2591, G2592"
m11n37,S1679,-8,1,"G2179, G2185, G2184, G2182, G2180, G2183, G2181, G2186"
m11n37,S1680,-8,3,"G2589, G2591"
m11n37,S1681,-8,3,"G2183, G2185"
m11n37,S1682,-8,3,"G2186, G2184"
m11n37,S1683,-8,3,"G2590, G2592"
11n48,S432,-4,-1,"G435, G434"
11n48,S433,-4,1,"G435, G434"
m11n48,S1685,-8,-3,"G1432, G1430"
m11n48,S1686,-8,-3,"G1434, G1435"
m11n48,S1687,-8,-3,"G1431, G1433"
m11n48,S1684,-8,-1,"G1436, G1439, G1434, G1437, G1432, G1430, G1435, G1431, G1438, G1433"
m11n48,S1688,-8,1,"G1436, G1439, G1440, G1437, G1441, G1444, G1445, G1438, G1443, G1442"
m11n48,S1689,-8,3,"G1444, G1442"
m11n48,S1690,-8,3,"G1440, G1443"
m11n48,S1691,-8,3,"G1445, G1441"
11n49,S434,-6,-1,"G436, G437"
11n49,S435,-6,1,"G436, G437"
m11n49,S1693,-6,-1,"G1447, G1446"
m11n49,S1694,-6,1,"G1447, G1446"
11n50,S436,-3,-2,G439
11n50,S437,-3,-2,G438
11n50,S438,-3,0,"G438, G441"
11n50,S439,-3,0,"G439, G440"
11n50,S440,-3,2,G441
11n50,S441,-3,2,G440
m11n50,S1696,-9,-2,G2593
m11n50,S1697,-9,-2,G2189
m11n50,S1698,-9,-2,G2595
m11n50,S1699,-9,-2,G2187
m11n50,S1700,-9,-2,G2188
m11n50,S1701,-9,-2,G2594
m11n50,S1703,-9,0,"G2187, G2192, G2189, G2188, G2190, G2191"
m11n50,S1705,-9,0,"G2596, G2594, G2598, G2597, G2595, G2593"
m11n50,S1706,-9,2,G2192
m11n50,S1707,-9,2,G2190
m11n50,S1708,-9,2,G2596
m11n50,S1709,-9,2,G2597
m11n50,S1710,-9,2,G2598
m11n50,S1711,-9,2,G2191
11n57,S443,-14,-3,G443
11n57,S444,-14,-3,G442
11n57,S442,-14,-1,"G445, G442, G444, G443"
11n57,S445,-14,1,"G445, G446, G444, G447"
11n57,S447,-14,3,G447
11n57,S448,-14,3,G446
m11n57,S1712,2,-1,"G1449, G1448"
m11n57,S1713,2,1,"G1449, G1448"
11n61,S449,-11,-2,G449
11n61,S450,-11,-2,G450
11n61,S451,-11,-2,G448
11n61,S452,-11,0,"G448, G450, G452, G451"
11n61,S453,-11,0,"G453, G449"
11n61,S454,-11,2,G452
11n61,S455,-11,2,G453
11n61,S456,-11,2,G451
m11n61,S1714,-1,-2,"G1452, G1453"
m11n61,S1715,-1,-2,"G1451, G1450"
m11n61,S1716,-1,0,"G1456, G1453, G1452, G1450, G1451, G1457, G1455, G1454"
m11n61,S1717,-1,2,"G1456, G1454"
m11n61,S1718,-1,2,"G1455, G1457"
11n65,S457,-3,-2,"G455, G454"
11n65,S458,-3,0,"G455, G456, G454, G457"
11n65,S459,-3,2,"G456, G457"
m11n65,S1719,-9,-2,G1459
m11n65,S1720,-9,-2,"G1460, G1458"
m11n65,S1721,-9,0,"G1462, G1459, G1461, G1460, G1458, G1463"
m11n65,S1722,-9,2,G1463
m11n65,S1723,-9,2,"G1462, G1461"
11n70,S461,-10,-3,G459
11n70,S462,-10,-3,"G460, G458"
11n70,S460,-10,-1,"G462, G459, G460, G458, G461, G464, G463"
11n70,S463,-10,1,"G467, G465, G462, G461, G464, G466, G463"
11n70,S464,-10,3,G465
11n70,S465,-10,3,"G467, G466"
m11n70,S1724,-2,-1,"G1465, G1464"
m11n70,S1725,-2,1,"G1465, G1464"
11n79,S466,-8,-1,"G468, G469"
11n79,S467,-8,1,"G468, G469"
m11n79,S1726,-4,-1,"G1466, G1467, G1468, G1469"
m11n79,S1727,-4,1,"G1466, G1467, G1468, G1469"
11n81,S468,-14,-1,G470
11n81,S469,-14,1,G470
m11n81,S1728,2,-1,G1470
m11n81,S1729,2,1,G1470
11n82,S470,-7,-2,"G471, G472"
11n82,S471,-7,0,"G473, G474, G471, G472"
11n82,S472,-7,2,"G473, G474"
m11n82,S1730,-5,-2,"G1473, G1474"
m11n82,S1731,-5,-2,G1476
m11n82,S1732,-5,-2,G1472
m11n82,S1733,-5,-2,"G1471, G1475"
m11n82,S1735,-5,0,"G1476, G1480"
m11n82,S1736,-5,0,"G1473, G1477, G1479, G1474, G1478, G1482, G1471, G1475, G1472, G1481"
m11n82,S1737,-5,2,G1479
m11n82,S1738,-5,2,"G1477, G1481"
m11n82,S1739,-5,2,"G1478, G1482"
m11n82,S1740,-5,2,G1480
11n84,S473,0,-1,G476
11n84,S474,0,-1,G475
11n84,S475,0,1,G476
11n84,S476,0,1,G475
m11n84,S1742,-12,-3,"G1483, G1485"
m11n84,S1743,-12,-3,"G1487, G1486"
m11n84,S1744,-12,-3,G1488
m11n84,S1745,-12,-3,"G1484, G1489"
m11n84,S1741,-12,-1,"G1492, G1488, G1489, G1499, G1484, G1486, G1503, G1483, G1485, G1491, G1498, G1493, G1501, G1496, G1494, G1497, G1490, G1500, G1495, G1502, G1504, G1487, G1505"
m11n84,S1746,-12,1,"G1506, G1492, G1508, G1512, G1499, G1503, G1491, G1498, G1493, G1501, G1496, G1494, G1497, G1490, G1511, G1500, G1495, G1502, G1509, G1504, G1510, G1505, G1507"
m11n84,S1747,-12,3,"G1508, G1512"
m11n84,S1748,-12,3,"G1507, G1509"
m11n84,S1749,-12,3,G1510
m11n84,S1750,-12,3,"G1506, G1511"
11n86,S478,-8,-3,"G477, G482"
11n86,S479,-8,-3,"G480, G481"
11n86,S480,-8,-3,"G479, G478"
11n86,S477,-8,-1,"G494, G489, G488, G479, G478, G499, G484, G496, G490, G492, G477, G487, G480, G485, G495, G491, G493, G481, G498, G483, G486, G500, G497, G482"
11n86,S481,-8,1,"G494, G501, G489, G488, G499, G484, G506, G505, G496, G492, G490, G503, G487, G504, G485, G495, G491, G493, G502, G498, G483, G486, G500, G497"
11n86,S482,-8,3,"G502, G506"
11n86,S483,-8,3,"G503, G504"
11n86,S484,-8,3,"G505, G501"
m11n86,S1751,-4,-1,G1514
m11n86,S1752,-4,-1,G1513
m11n86,S1753,-4,1,G1514
m11n86,S1754,-4,1,G1513
11n88,S486,-14,-3,G507
11n88,S485,-14,-1,"G507, G509, G508"
11n88,S487,-14,1,"G509, G508, G510"
11n88,S488,-14,3,G510
m11n88,S1755,2,-1,"G1515, G1516"
m11n88,S1756,2,1,"G1515, G1516"
11n92,S489,-5,-2,"G513, G514"
11n92,S490,-5,-2,"G512, G511"
11n92,S491,-5,0,"G515, G512, G518, G516, G517, G513, G511, G514"
11n92,S492,-5,2,"G517, G518"
11n92,S493,-5,2,"G515, G516"
m11n92,S1757,-7,-2,"G1518, G1517"
m11n92,S1759,-7,0,"G1518, G1520"
m11n92,S1760,-7,0,"G1519, G1517"
m11n92,S1762,-7,2,"G1519, G1520"
11n96,S494,-7,-2,G519
11n96,S495,-7,0,"G519, G520"
11n96,S496,-7,2,G520
m11n96,S1764,-5,-2,"G1521, G1524"
m11n96,S1765,-5,-2,"G1523, G1522"
m11n96,S1766,-5,0,"G1523, G1527, G1526, G1524, G1528, G1525, G1521, G1522"
m11n96,S1767,-5,2,"G1528, G1525"
m11n96,S1768,-5,2,"G1527, G1526"
11n99,S497,0,-1,"G521, G522"
11n99,S498,0,1,"G521, G522"
m11n99,S1770,-12,-3,G1530
m11n99,S1771,-12,-3,"G1531, G1529"
m11n99,S1769,-12,-1,"G1533, G1529, G1535, G1531, G1534, G1530, G1532"
m11n99,S1772,-12,1,"G1533, G1536, G1535, G1538, G1534, G1537, G1532"
m11n99,S1773,-12,3,"G1537, G1536"
m11n99,S1774,-12,3,G1538
11n102,S286,-2,-1,G333
11n102,S287,-2,1,G333
m11n102,S1522,-10,-1,G1330
m11n102,S1523,-10,1,G1330
11n104,S288,-14,-1,G334
11n104,S289,-14,1,G334
m11n104,S1524,2,-1,G1331
m11n104,S1525,2,1,G1331
11n106,S290,-5,-2,"G340, G338"
11n106,S291,-5,-2,"G337, G336"
11n106,S292,-5,-2,"G339, G335"
11n106,S293,-5,0,"G341, G344, G346, G343, G342, G336, G337, G335, G338, G340, G339, G345"
11n106,S294,-5,2,"G341, G344"
11n106,S295,-5,2,"G342, G345"
11n106,S296,-5,2,"G343, G346"
m11n106,S1526,-7,-2,G1332
m11n106,S1527,-7,-2,G1334
m11n106,S1528,-7,-2,G1333
m11n106,S1529,-7,0,"G1336, G1332"
m11n106,S1530,-7,0,"G1334, G1333, G1335, G1337"
m11n106,S1532,-7,2,G1336
m11n106,S1533,-7,2,G1335
m11n106,S1534,-7,2,G1337
11n107,S297,-11,-2,G347
11n107,S298,-11,0,"G348, G347"
11n107,S299,-11,2,G348
m11n107,S1535,-1,-2,"G1339, G1338"
m11n107,S1536,-1,0,"G1340, G1339, G1338, G1341"
m11n107,S1537,-1,2,"G1340, G1341"
11n110,S302,-8,-3,"G2332, G2334"
11n110,S303,-8,-3,"G1928, G1927"
11n110,S304,-8,-3,"G2333, G2331"
11n110,S305,-8,-3,"G1925, G1926"
11n110,S300,-8,-1,"G1930, G1939, G1943, G1944, G1932, G1935, G1928, G1941, G1940, G1927, G1942, G1925, G1938, G1931, G1937, G1929, G1926, G1933, G1934, G1936"
11n110,S301,-8,-1,"G2348, G2347, G2346, G2338, G2337, G2335, G2336, G2331, G2344, G2342, G2350, G2339, G2333, G2343, G2349, G2345, G2334, G2332, G2341, G2340"
11n110,S306,-8,1,"G2348, G2347, G2352, G2346, G2338, G2337, G2335, G2336, G2351, G2354, G2344, G2342, G2350, G2339, G2353, G2343, G2349, G2345, G2341, G2340"
11n110,S307,-8,1,"G1930, G1945, G1939, G1943, G1944, G1932, G1935, G1948, G1941, G1947, G1940, G1942, G1938, G1931, G1946, G1937, G1929, G1933, G1934, G1936"
11n110,S308,-8,3,"G1946, G1945"
11n110,S309,-8,3,"G1948, G1947"
11n110,S310,-8,3,"G2351, G2354"
11n110,S311,-8,3,"G2352, G2353"
m11n110,S1538,-4,-1,"G2128, G2127"
m11n110,S1539,-4,-1,"G2533, G2534"
m11n110,S1540,-4,1,"G2533, G2534"
m11n110,S1541,-4,1,"G2128, G2127"
11n111,S313,-10,-3,G349
11n111,S312,-10,-1,"G353, G350, G351, G352, G349"
11n111,S314,-10,1,"G353, G350, G351, G352, G354"
11n111,S315,-10,3,G354
m11n111,S1542,-2,-1,G1343
m11n111,S1543,-2,-1,G1342
m11n111,S1544,-2,1,G1343
m11n111,S1545,-2,1,G1342
11n116,S316,-4,-1,"G1950, G1949"
11n116,S317,-4,-1,"G2355, G2356"
11n116,S318,-4,1,"G1950, G1949"
11n116,S319,-4,1,"G2355, G2356"
m11n116,S1546,-8,-1,"G2130, G2129"
m11n116,S1547,-8,-1,"G2535, G2536"
m11n116,S1548,-8,1,"G2535, G2536"
m11n116,S1549,-8,1,"G2130, G2129"
11n117,S320,-8,-1,"G355, G356"
11n117,S321,-8,1,"G355, G356"
m11n117,S1550,-4,-1,"G1350, G1351, G1347, G1352, G1346"
m11n117,S1551,-4,-1,"G1348, G1349, G1345, G1353, G1344"
m11n117,S1552,-4,1,"G1348, G1350, G1345, G1347, G1352"
m11n117,S1553,-4,1,"G1349, G1353, G1344, G1351, G1346"
11n122,S331,0,-1,G1951
11n122,S332,0,-1,G2357
11n122,S333,0,1,G1951
11n122,S334,0,1,G2357
m11n122,S1562,-12,-3,"G2133, G2132"
m11n122,S1563,-12,-3,G2131
m11n122,S1564,-12,-3,G2539
m11n122,S1565,-12,-3,"G2537, G2538"
m11n122,S1560,-12,-1,"G2132, G2131, G2134, G2133, G2135"
m11n122,S1561,-12,-1,"G2537, G2541, G2538, G2539, G2540"
m11n122,S1566,-12,1,"G2544, G2542, G2540, G2541, G2543"
m11n122,S1567,-12,1,"G2138, G2137, G2134, G2136, G2135"
m11n122,S1568,-12,3,"G2542, G2543"
m11n122,S1569,-12,3,G2137
m11n122,S1570,-12,3,"G2136, G2138"
m11n122,S1571,-12,3,G2544
11n126,S336,-16,-3,G357
11n126,S335,-16,-1,G357
11n126,S337,-16,1,G358
11n126,S338,-16,3,G358
m11n126,S1572,4,-1,"G1354, G1356, G1355"
m11n126,S1573,4,1,"G1354, G1356, G1355"
11n132,S339,-3,-2,G375
11n132,S340,-3,-2,G376
11n132,S341,-3,-2,G377
11n132,S342,-3,-2,G378
11n132,S343,-3,0,"G378, G380"
11n132,S344,-3,0,"G381, G377"
11n132,S345,-3,0,"G376, G379"
11n132,S347,-3,0,"G375, G382"
11n132,S349,-3,2,G380
11n132,S350,-3,2,G382
11n132,S351,-3,2,G381
11n132,S352,-3,2,G379
m11n132,S1574,-9,-2,G1361
m11n132,S1575,-9,-2,G1364
m11n132,S1576,-9,-2,G1365
m11n132,S1577,-9,-2,G1363
m11n132,S1578,-9,-2,G1366
m11n132,S1579,-9,-2,G1362
m11n132,S1580,-9,0,"G1363, G1367"
m11n132,S1581,-9,0,"G1371, G1361"
m11n132,S1582,-9,0,"G1372, G1365, G1366, G1368"
m11n132,S1583,-9,0,"G1369, G1370, G1362, G1364"
m11n132,S1584,-9,2,G1372
m11n132,S1585,-9,2,G1369
m11n132,S1586,-9,2,G1371
m11n132,S1587,-9,2,G1368
m11n132,S1588,-9,2,G1367
m11n132,S1589,-9,2,G1370
11n133,S353,-11,-2,G383
11n133,S354,-11,0,"G383, G384"
11n133,S355,-11,2,G384
m11n133,S1590,-1,-2,G1373
m11n133,S1591,-1,0,"G1374, G1373"
m11n133,S1592,-1,2,G1374
11n134,S356,0,-1,"G2359, G2358"
11n134,S357,0,-1,"G1953, G1952"
11n134,S358,0,1,"G1953, G1952"
11n134,S359,0,1,"G2359, G2358"
m11n134,S1595,-12,-3,"G2142, G2140"
m11n134,S1596,-12,-3,"G2546, G2545"
m11n134,S1597,-12,-3,G2547
m11n134,S1598,-12,-3,G2141
m11n134,S1599,-12,-3,G2548
m11n134,S1600,-12,-3,G2139
m11n134,S1593,-12,-1,"G2154, G2153, G2146, G2140, G2145, G2148, G2152, G2147, G2139, G2141, G2143, G2142, G2144, G2150, G2151, G2149"
m11n134,S1594,-12,-1,"G2546, G2557, G2549, G2550, G2556, G2559, G2560, G2545, G2548, G2558, G2547, G2552, G2551, G2555, G2553, G2554"
m11n134,S1601,-12,1,"G2154, G2153, G2156, G2155, G2145, G2146, G2157, G2148, G2152, G2158, G2147, G2143, G2144, G2150, G2151, G2149"
m11n134,S1602,-12,1,"G2562, G2557, G2549, G2550, G2556, G2559, G2560, G2561, G2558, G2563, G2564, G2552, G2551, G2555, G2553, G2554"
m11n134,S1603,-12,3,G2156
m11n134,S1604,-12,3,"G2157, G2155"
m11n134,S1605,-12,3,"G2562, G2564"
m11n134,S1606,-12,3,G2563
m11n134,S1607,-12,3,G2158
m11n134,S1608,-12,3,G2561
11n135,S360,-12,-1,"G386, G385"
11n135,S363,-12,1,"G386, G385"
m11n135,S1609,0,-1,"G1376, G1375"
m11n135,S1610,0,1,"G1376, G1375"
11n138,S365,-6,-3,G387
11n138,S364,-6,-1,"G388, G387, G389"
11n138,S366,-6,1,"G388, G390, G389"
11n138,S367,-6,3,G390
m11n138,S1611,-6,-1,G1377
m11n138,S1612,-6,1,G1377
11n139,S368,-10,-1,G392
11n139,S369,-10,-1,G391
11n139,S370,-10,1,G392
11n139,S371,-10,1,G391
m11n139,S1613,-2,-1,G1378
m11n139,S1614,-2,-1,G1379
m11n139,S1615,-2,1,G1379
m11n139,S1616,-2,1,G1378
11n141,S372,-4,-1,G393
11n141,S373,-4,1,G393
m11n141,S1617,-8,-1,"G1380, G1381"
m11n141,S1618,-8,1,"G1380, G1381"
11n142,S374,-4,-1,"G395, G394"
11n142,S375,-4,1,"G395, G394"
m11n142,S1619,-8,-1,"G1384, G1388, G1385, G1387, G1390, G1391, G1383, G1382, G1389, G1386"
m11n142,S1620,-8,1,"G1384, G1388, G1385, G1387, G1390, G1391, G1383, G1382, G1389, G1386"
11n143,S377,-8,-3,G396
11n143,S376,-8,-1,"G399, G397, G398, G400, G396"
11n143,S378,-8,1,"G399, G401, G397, G398, G400"
11n143,S379,-8,3,G401
m11n143,S1621,-4,-1,"G1392, G1393"
m11n143,S1622,-4,1,"G1392, G1393"
11n145,S380,-7,-2,"G404, G403"
11n145,S381,-7,-2,"G402, G405"
11n145,S382,-7,0,"G404, G405, G402, G406, G403, G407, G409, G408"
11n145,S383,-7,2,"G407, G406"
11n145,S384,-7,2,"G409, G408"
m11n145,S1623,-5,-2,G1394
m11n145,S1624,-5,0,"G1395, G1394"
m11n145,S1625,-5,2,G1395
11n147,S385,-11,-2,G2360
11n147,S386,-11,-2,G1954
11n147,S387,-11,0,"G1955, G1954"
11n147,S388,-11,0,"G2360, G2361"
11n147,S389,-11,2,G1955
11n147,S390,-11,2,G2361
m11n147,S1626,-1,-2,"G2566, G2565, G2567"
m11n147,S1627,-1,-2,"G2161, G2159, G2160"
m11n147,S1628,-1,0,"G2159, G2164, G2163, G2162, G2161, G2160"
m11n147,S1629,-1,0,"G2570, G2566, G2568, G2569, G2565, G2567"
m11n147,S1630,-1,2,"G2163, G2162, G2164"
m11n147,S1631,-1,2,"G2568, G2569, G2570"
11n164,S391,-12,-1,G410
11n164,S392,-12,1,G410
m11n164,S1632,0,-1,"G1400, G1403"
m11n164,S1633,0,-1,"G1404, G1401, G1399, G1402, G1396"
m11n164,S1634,0,-1,"G1397, G1398"
m11n164,S1635,0,1,"G1398, G1401"
m11n164,S1636,0,1,"G1404, G1397, G1399, G1396, G1403"
m11n164,S1637,0,1,"G1400, G1402"
11n173,S393,-11,-2,G411
11n173,S394,-11,0,"G412, G411"
11n173,S395,-11,2,G412
m11n173,S1638,-1,-2,"G1406, G1407, G1405"
m11n173,S1639,-1,0,"G1409, G1407, G1405, G1406, G1408, G1410"
m11n173,S1640,-1,2,"G1408, G1409, G1410"
11n183,S397,-16,-3,G413
11n183,S396,-16,-1,"G413, G414"
11n183,S398,-16,1,"G414, G415"
11n183,S399,-16,3,G415
m11n183,S1641,4,-1,G1411
m11n183,S1642,4,1,G1411
12n25,S509,-6,-1,"G539, G533, G542, G541"
12n25,S510,-6,-1,"G531, G545, G538"
12n25,S511,-6,-1,"G535, G537, G540, G534"
12n25,S512,-6,-1,"G544, G546, G530, G543"
12n25,S513,-6,-1,"G529, G532, G536"
12n25,S514,-6,1,"G532, G536, G540"
12n25,S515,-6,1,"G529, G539, G535, G534"
12n25,S516,-6,1,"G541, G533, G537, G546"
12n25,S517,-6,1,"G544, G531, G530, G542"
12n25,S518,-6,1,"G545, G538, G543"
m12n25,S1782,-6,-1,G1547
m12n25,S1783,-6,-1,G1548
m12n25,S1784,-6,1,G1547
m12n25,S1785,-6,1,G1548
12n121,S499,-1,-2,"G523, G524"
12n121,S500,-1,0,"G525, G524"
12n121,S501,-1,0,G523
12n121,S503,-1,0,G526
12n121,S504,-1,2,"G526, G525"
m12n121,S1775,-11,-2,"G1540, G1539"
m12n121,S1776,-11,0,"G1541, G1540, G1542, G1539"
m12n121,S1777,-11,2,"G1541, G1542"
12n243,S506,-18,-3,G527
12n243,S505,-18,-1,G527
12n243,S507,-18,1,G528
12n243,S508,-18,3,G528
m12n243,S1778,6,-1,"G1546, G1544"
m12n243,S1779,6,-1,"G1545, G1543"
m12n243,S1780,6,1,"G1546, G1543"
m12n243,S1781,6,1,"G1545, G1544"
12n253,S519,-1,-2,"G1971, G1970"
12n253,S520,-1,-2,"G2376, G2377"
12n253,S521,-1,0,"G2376, G2379, G2377, G2378"
12n253,S522,-1,0,"G1971, G1970, G1972, G1973"
12n253,S523,-1,2,"G1972, G1973"
12n253,S524,-1,2,"G2379, G2378"
m12n253,S1786,-11,-2,G2599
m12n253,S1787,-11,-2,G2193
m12n253,S1788,-11,0,"G2600, G2599"
m12n253,S1789,-11,0,"G2194, G2193"
m12n253,S1790,-11,2,G2194
m12n253,S1791,-11,2,G2600
12n254,S527,-14,-3,G1974
12n254,S528,-14,-3,G2380
12n254,S525,-14,-1,"G1976, G1978, G1977, G1975, G1974"
12n254,S526,-14,-1,"G2384, G2382, G2383, G2381, G2380"
12n254,S529,-14,1,"G1976, G1978, G1977, G1979, G1975"
12n254,S530,-14,1,"G2384, G2382, G2383, G2381, G2385"
12n254,S531,-14,3,G2385
12n254,S532,-14,3,G1979
m12n254,S1792,2,-1,"G2601, G2602"
m12n254,S1793,2,-1,"G2196, G2195"
m12n254,S1794,2,1,"G2196, G2195"
m12n254,S1795,2,1,"G2601, G2602"
12n280,S533,-10,-1,"G547, G552, G551, G549, G548, G550"
12n280,S534,-10,1,"G547, G552, G551, G549, G548, G550"
m12n280,S1796,-2,-1,"G1549, G1551, G1554, G1550, G1553, G1552"
m12n280,S1797,-2,1,"G1549, G1551, G1554, G1550, G1553, G1552"
12n285,S535,-10,-1,"G555, G553, G556, G560, G557, G558, G559, G554"
12n285,S536,-10,1,"G555, G553, G556, G560, G557, G558, G559, G554"
m12n285,S1798,-2,-1,G1555
m12n285,S1799,-2,-1,G1556
m12n285,S1800,-2,1,G1555
m12n285,S1801,-2,1,G1556
12n293,S538,-14,-3,G561
12n293,S539,-14,-3,G562
12n293,S537,-14,-1,"G567, G562, G561, G563, G566, G564, G565"
12n293,S540,-14,1,"G568, G569, G567, G563, G564, G566, G565"
12n293,S541,-14,3,G569
12n293,S542,-14,3,G568
m12n293,S1802,2,-1,G1557
m12n293,S1803,2,1,G1557
12n309,S543,-7,-2,G570
12n309,S544,-7,0,"G571, G570"
12n309,S545,-7,2,G571
m12n309,S1804,-5,-2,G1558
m12n309,S1805,-5,0,"G1558, G1559"
m12n309,S1806,-5,2,G1559
12n318,S546,-3,-2,G573
12n318,S547,-3,-2,G572
12n318,S548,-3,0,"G575, G572"
12n318,S549,-3,0,"G574, G573"
12n318,S550,-3,2,G574
12n318,S551,-3,2,G575
m12n318,S1807,-9,-2,G1561
m12n318,S1808,-9,-2,G1560
m12n318,S1809,-9,0,"G1563, G1561"
m12n318,S1810,-9,0,"G1562, G1560"
m12n318,S1811,-9,2,G1562
m12n318,S1812,-9,2,G1563
12n321,S553,-14,-3,G576
12n321,S554,-14,-3,G577
12n321,S552,-14,-1,"G577, G578, G580, G579, G581, G576"
12n321,S555,-14,1,"G583, G578, G580, G579, G581, G582"
12n321,S556,-14,3,G583
12n321,S557,-14,3,G582
m12n321,S1813,2,-1,"G1564, G1565"
m12n321,S1814,2,1,"G1564, G1565"
12n323,S558,-5,-2,"G1983, G1985, G1987"
12n323,S559,-5,-2,"G1981, G1980, G1984"
12n323,S560,-5,-2,"G1986, G1982, G1988"
12n323,S561,-5,-2,"G2393, G2394, G2390"
12n323,S562,-5,-2,"G2387, G2391, G2389"
12n323,S563,-5,-2,"G2386, G2392, G2388"
12n323,S564,-5,0,"G2393, G2399, G2398, G2400, G2402, G2388, G2389, G2391, G2387, G2403, G2386, G2395, G2392, G2394, G2396, G2397, G2401, G2390"
12n323,S565,-5,0,"G1981, G1986, G1991, G1985, G1993, G1989, G1987, G1983, G1982, G1984, G1994, G1996, G1997, G1980, G1995, G1990, G1992, G1988"
12n323,S566,-5,2,"G2397, G2399, G2400"
12n323,S567,-5,2,"G1994, G1992, G1995"
12n323,S568,-5,2,"G2403, G2401, G2398"
12n323,S569,-5,2,"G1993, G1996, G1989"
12n323,S570,-5,2,"G1990, G1997, G1991"
12n323,S571,-5,2,"G2396, G2402, G2395"
m12n323,S1815,-7,-2,G1567
m12n323,S1816,-7,-2,G1566
m12n323,S1817,-7,0,"G1569, G1567"
m12n323,S1818,-7,0,"G1566, G1568"
m12n323,S1819,-7,2,G1569
m12n323,S1820,-7,2,G1568
12n328,S573,-18,-3,"G586, G585, G584"
12n328,S572,-18,-1,"G585, G588, G586, G584, G587"
12n328,S574,-18,1,"G591, G590, G588, G589, G587"
12n328,S575,-18,3,"G591, G590, G589"
m12n328,S1821,6,-1,G1570
m12n328,S1822,6,1,G1570
12n340,S577,-10,-3,G594
12n340,S578,-10,-3,G593
12n340,S579,-10,-3,G592
12n340,S576,-10,-1,"G602, G598, G596, G597, G599, G592, G593, G594, G600, G601, G595"
12n340,S580,-10,1,"G604, G603, G602, G605, G596, G597, G598, G599, G600, G601, G595"
12n340,S581,-10,3,G605
12n340,S582,-10,3,G603
12n340,S583,-10,3,G604
m12n340,S1823,-2,-1,G1571
m12n340,S1824,-2,-1,G1572
m12n340,S1825,-2,1,G1571
m12n340,S1826,-2,1,G1572
12n356,S584,-6,-1,"G2404, G2405, G2408, G2406, G2407, G2409"
12n356,S585,-6,-1,"G2002, G2003, G1998, G2000, G1999, G2001"
12n356,S586,-6,1,"G2002, G2003, G1998, G2000, G1999, G2001"
12n356,S587,-6,1,"G2404, G2405, G2408, G2406, G2407, G2409"
12n358,S589,-2,-1,"G2008, G2004, G2007"
12n358,S590,-2,-1,"G2005, G2009, G2006"
12n358,S591,-2,-1,"G2415, G2410, G2414"
12n358,S592,-2,-1,"G2411, G2413, G2412"
12n358,S594,-2,1,"G2413, G2410, G2414"
12n358,S595,-2,1,"G2004, G2007, G2006"
12n358,S597,-2,1,"G2415, G2411, G2412"
12n358,S598,-2,1,"G2008, G2005, G2009"
m12n358,S1831,-10,-3,G1574
m12n358,S1832,-10,-3,G1573
m12n358,S1827,-10,-1,"G2604, G2603, G1573"
m12n358,S1828,-10,-1,"G1574, G2198, G2197"
m12n358,S1833,-10,1,"G2198, G2197, G1575"
m12n358,S1834,-10,1,"G2604, G1576, G2603"
m12n358,S1837,-10,3,G1576
m12n358,S1838,-10,3,G1575
12n370,S601,-10,-3,G606
12n370,S602,-10,-3,G607
12n370,S600,-10,-1,"G607, G611, G608, G613, G610, G609, G612, G606"
12n370,S603,-10,1,"G611, G608, G613, G610, G609, G614, G612, G615"
12n370,S604,-10,3,G614
12n370,S605,-10,3,G615
m12n370,S1839,-2,-1,"G1579, G1577"
m12n370,S1840,-2,-1,"G1580, G1578"
m12n370,S1841,-2,1,"G1580, G1578"
m12n370,S1842,-2,1,"G1579, G1577"
12n371,S606,-9,-2,G616
12n371,S607,-9,0,"G617, G616"
12n371,S608,-9,2,G617
m12n371,S1844,-3,-2,"G1581, G1582"
m12n371,S1845,-3,0,"G1581, G1583, G1582, G1584"
m12n371,S1848,-3,2,"G1583, G1584"
12n375,S610,-14,-3,G618
12n375,S609,-14,-1,"G621, G620, G619, G618, G622"
12n375,S611,-14,1,"G621, G620, G619, G622, G623"
12n375,S612,-14,3,G623
m12n375,S1849,2,-1,"G1588, G1590, G1589"
m12n375,S1850,2,-1,"G1586, G1587, G1585"
m12n375,S1851,2,1,"G1589, G1587, G1586"
m12n375,S1852,2,1,"G1588, G1590, G1585"
12n403,S613,-2,-1,"G624, G626, G629"
12n403,S614,-2,-1,"G625, G627, G628"
12n403,S615,-2,1,"G624, G627, G626"
12n403,S616,-2,1,"G625, G628, G629"
m12n403,S1853,-10,-1,G1592
m12n403,S1854,-10,-1,G1591
m12n403,S1855,-10,1,G1591
m12n403,S1856,-10,1,G1592
12n407,S619,-14,-3,G2010
12n407,S620,-14,-3,G2416
12n407,S617,-14,-1,"G2012, G2011, G2010"
12n407,S618,-14,-1,"G2416, G2417, G2418"
12n407,S621,-14,1,"G2012, G2011, G2013"
12n407,S622,-14,1,"G2419, G2417, G2418"
12n407,S623,-14,3,G2013
12n407,S624,-14,3,G2419
m12n407,S1857,2,-1,"G2203, G2199, G2204"
m12n407,S1858,2,-1,"G2609, G2610"
m12n407,S1859,2,-1,G2608
m12n407,S1860,2,-1,"G2605, G2607, G2606"
m12n407,S1861,2,-1,"G2200, G2202, G2201"
m12n407,S1864,2,1,"G2605, G2608, G2607"
m12n407,S1865,2,1,"G2200, G2202"
m12n407,S1866,2,1,"G2203, G2199, G2201"
m12n407,S1867,2,1,G2204
m12n407,S1868,2,1,"G2609, G2606, G2610"
12n426,S626,-18,-3,G630
12n426,S625,-18,-1,"G631, G630"
12n426,S627,-18,1,"G631, G632"
12n426,S628,-18,3,G632
m12n426,S1869,6,-1,G1593
m12n426,S1870,6,1,G1593
12n438,S629,-10,-1,G634
12n438,S630,-10,-1,G633
12n438,S631,-10,1,G634
12n438,S632,-10,1,G633
m12n438,S1871,-2,-1,"G1597, G1596, G1595"
m12n438,S1872,-2,-1,"G1598, G1594, G1599"
m12n438,S1873,-2,1,"G1599, G1594, G1597"
m12n438,S1874,-2,1,"G1598, G1596, G1595"
12n439,S633,-3,-2,G635
12n439,S634,-3,0,"G635, G636"
12n439,S635,-3,2,G636
m12n439,S1875,-9,-2,G1600
m12n439,S1876,-9,0,"G1600, G1601"
m12n439,S1877,-9,2,G1601
12n443,S636,-5,-2,G637
12n443,S637,-5,-2,G638
12n443,S638,-5,0,"G639, G640, G637, G638"
12n443,S639,-5,2,G640
12n443,S640,-5,2,G639
m12n443,S1878,-7,-2,G1602
m12n443,S1879,-7,0,"G1602, G1603"
m12n443,S1880,-7,2,G1603
12n451,S641,-1,-2,"G642, G644"
12n451,S642,-1,-2,"G641, G643"
12n451,S643,-1,0,"G645, G644, G646, G641, G647, G642, G643, G648"
12n451,S644,-1,2,"G645, G648"
12n451,S645,-1,2,"G646, G647"
m12n451,S1881,-11,-2,G1604
m12n451,S1882,-11,0,"G1605, G1604"
m12n451,S1883,-11,2,G1605
12n452,S647,-10,-3,G649
12n452,S646,-10,-1,"G650, G653, G649, G652, G651"
12n452,S648,-10,1,"G650, G653, G654, G652, G651"
12n452,S649,-10,3,G654
m12n452,S1884,-2,-1,"G1610, G1607, G1608"
m12n452,S1885,-2,-1,"G1611, G1606, G1609"
m12n452,S1886,-2,1,"G1610, G1609, G1608"
m12n452,S1887,-2,1,"G1611, G1606, G1607"
12n462,S650,-6,-1,"G2421, G2420"
12n462,S651,-6,-1,"G2015, G2014"
12n462,S652,-6,1,"G2421, G2420"
12n462,S653,-6,1,"G2015, G2014"
12n475,S654,-7,-2,G655
12n475,S655,-7,0,"G655, G656"
12n475,S656,-7,2,G656
m12n475,S1888,-5,-2,G1612
m12n475,S1889,-5,0,"G1613, G1612"
m12n475,S1890,-5,2,G1613
12n487,S658,-12,-3,G657
12n487,S659,-12,-3,G658
12n487,S657,-12,-1,"G658, G659, G664, G657, G662, G663, G661, G660"
12n487,S660,-12,1,"G659, G665, G664, G662, G663, G666, G661, G660"
12n487,S661,-12,3,G666
12n487,S662,-12,3,G665
m12n487,S1891,0,-1,G1614
m12n487,S1892,0,-1,G1615
m12n487,S1893,0,1,G1615
m12n487,S1894,0,1,G1614
12n488,S663,-7,-2,G667
12n488,S664,-7,0,"G667, G668"
12n488,S665,-7,2,G668
m12n488,S1895,-5,-2,"G1617, G1616"
m12n488,S1896,-5,0,"G1619, G1618, G1617, G1616"
m12n488,S1897,-5,2,"G1619, G1618"
12n502,S667,-18,-3,G669
12n502,S666,-18,-1,G669
12n502,S668,-18,1,G670
12n502,S669,-18,3,G670
m12n502,S1898,6,-1,"G1623, G1620"
m12n502,S1899,6,-1,"G1622, G1621"
m12n502,S1900,6,1,"G1622, G1623"
m12n502,S1901,6,1,"G1621, G1620"
12n603,S671,-14,-3,G671
12n603,S670,-14,-1,G671
12n603,S672,-14,1,G672
12n603,S673,-14,3,G672
m12n603,S1902,2,-1,"G1627, G1624, G1628"
m12n603,S1903,2,-1,"G1625, G1629, G1626"
m12n603,S1904,2,1,"G1625, G1624, G1629"
m12n603,S1905,2,1,"G1627, G1628, G1626"
12n706,S674,-6,-1,"G673, G674"
12n706,S675,-6,1,"G673, G674"
12n725,S677,-20,-3,G675
12n725,S676,-20,-1,"G676, G675"
12n725,S678,-20,1,"G676, G677"
12n725,S679,-20,3,G677
m12n725,S1906,8,-1,G1630
m12n725,S1907,8,1,G1630
12n729,S682,-14,-3,G2016
12n729,S683,-14,-3,G2422
12n729,S680,-14,-1,"G2422, G2423, G2426, G2425, G2424"
12n729,S681,-14,-1,"G2019, G2018, G2016, G2020, G2017"
12n729,S684,-14,1,"G2019, G2018, G2020, G2021, G2017"
12n729,S685,-14,1,"G2423, G2426, G2425, G2424, G2427"
12n729,S686,-14,3,G2427
12n729,S687,-14,3,G2021
m12n729,S1908,2,-1,"G2612, G2611"
m12n729,S1909,2,-1,"G2206, G2205"
m12n729,S1910,2,1,"G2206, G2205"
m12n729,S1911,2,1,"G2612, G2611"
12n730,S688,-11,-2,G679
12n730,S689,-11,-2,G678
12n730,S690,-11,0,"G678, G681"
12n730,S691,-11,0,"G679, G680"
12n730,S692,-11,2,G680
12n730,S693,-11,2,G681
m12n730,S1912,-1,-2,"G2614, G2613"
m12n730,S1913,-1,-2,"G2208, G2207"
m12n730,S1914,-1,0,"G2614, G2615, G2616, G2613"
m12n730,S1915,-1,0,"G2208, G2210, G2207, G2209"
m12n730,S1916,-1,2,"G2615, G2616"
m12n730,S1917,-1,2,"G2210, G2209"
12n749,S694,-13,-2,G682
12n749,S695,-13,0,"G682, G683"
12n749,S696,-13,2,G683
m12n749,S1918,1,-2,G1631
m12n749,S1919,1,0,"G1631, G1632"
m12n749,S1920,1,2,G1632
12n750,S698,-16,-3,G684
12n750,S697,-16,-1,"G684, G686, G687, G685"
12n750,S699,-16,1,"G686, G687, G688, G685"
12n750,S700,-16,3,G688
m12n750,S1921,4,-1,G1633
m12n750,S1922,4,1,G1633
12n768,S701,-2,-1,"G2023, G2022"
12n768,S702,-2,-1,"G2429, G2428"
12n768,S703,-2,1,"G2023, G2022"
12n768,S704,-2,1,"G2429, G2428"
m12n768,S1925,-10,-3,G2617
m12n768,S1926,-10,-3,G2211
m12n768,S1923,-10,-1,"G2213, G2212, G2211, G2215, G2214"
m12n768,S1924,-10,-1,"G2619, G2621, G2620, G2618, G2617"
m12n768,S1927,-10,1,"G2619, G2621, G2620, G2618, G2622"
m12n768,S1928,-10,1,"G2213, G2212, G2215, G2216, G2214"
m12n768,S1929,-10,3,G2622
m12n768,S1930,-10,3,G2216
12n801,S706,-14,-3,G689
12n801,S705,-14,-1,"G692, G689, G693, G690, G691"
12n801,S707,-14,1,"G694, G692, G693, G690, G691"
12n801,S708,-14,3,G694
m12n801,S1931,2,-1,"G1635, G1634"
m12n801,S1932,2,1,"G1635, G1634"
12n807,S710,-14,-3,G695
12n807,S709,-14,-1,"G695, G696, G699, G698, G697"
12n807,S711,-14,1,"G696, G700, G699, G698, G697"
12n807,S712,-14,3,G700
m12n807,S1933,2,-1,"G1636, G1637"
m12n807,S1934,2,1,"G1636, G1637"
12n809,S713,-10,-1,G701
12n809,S714,-10,1,G701
m12n809,S1935,-2,-1,G1638
m12n809,S1936,-2,1,G1638
12n811,S715,-11,-2,G702
12n811,S716,-11,0,"G703, G702"
12n811,S717,-11,2,G703
m12n811,S1937,-1,-2,"G1639, G1641, G1640"
m12n811,S1938,-1,0,"G1642, G1640, G1644, G1639, G1641, G1643"
m12n811,S1939,-1,2,"G1644, G1642, G1643"
12n830,S719,-16,-3,G705
12n830,S720,-16,-3,G704
12n830,S718,-16,-1,"G709, G706, G705, G708, G707, G704"
12n830,S721,-16,1,"G709, G706, G711, G710, G708, G707"
12n830,S722,-16,3,G711
12n830,S723,-16,3,G710
m12n830,S1940,4,-1,"G1645, G1646"
m12n830,S1941,4,1,"G1645, G1646"
12n835,S724,-5,-2,G712
12n835,S725,-5,0,"G713, G712"
12n835,S726,-5,2,G713
m12n835,S1942,-7,-2,G1647
m12n835,S1943,-7,0,"G1648, G1647"
m12n835,S1944,-7,2,G1648
12n838,S727,-10,-1,"G715, G714, G717, G716"
12n838,S728,-10,1,"G715, G714, G717, G716"
m12n838,S1945,-2,-1,G1649
m12n838,S1946,-2,-1,G1650
m12n838,S1947,-2,1,G1650
m12n838,S1948,-2,1,G1649
12n873,S729,-6,-1,G718
12n873,S730,-6,-1,G719
12n873,S731,-6,1,G719
12n873,S732,-6,1,G718
13n192,S801,0,-1,"G741, G740"
13n192,S802,0,1,"G741, G740"
m13n192,S1997,-12,-1,"G1668, G1667"
m13n192,S1998,-12,1,"G1668, G1667"
13n469,S934,-4,-1,"G791, G792"
13n469,S935,-4,1,"G791, G792"
m13n469,S2114,-8,-1,"G1703, G1702"
m13n469,S2117,-8,1,"G1703, G1702"
13n584,S936,1,-2,G794
13n584,S937,1,-2,G793
13n584,S938,1,0,"G793, G795"
13n584,S939,1,0,"G794, G796"
13n584,S940,1,2,G796
13n584,S941,1,2,G795
m13n584,S2118,-13,-2,G1704
m13n584,S2119,-13,-2,G1705
m13n584,S2120,-13,0,"G1704, G1707"
m13n584,S2121,-13,0,"G1706, G1705"
m13n584,S2122,-13,2,G1706
m13n584,S2123,-13,2,G1707
13n586,S942,-5,-2,G797
13n586,S943,-5,0,"G797, G798"
13n586,S944,-5,2,G798
m13n586,S2124,-7,-2,G1708
m13n586,S2125,-7,0,"G1708, G1709"
m13n586,S2126,-7,2,G1709
13n588,S947,-16,-3,G2495
13n588,S948,-16,-3,G2089
13n588,S949,-16,-3,G2088
13n588,S950,-16,-3,G2494
13n588,S945,-16,-1,"G2088, G2092, G2093, G2089, G2091, G2090"
13n588,S946,-16,-1,"G2498, G2499, G2497, G2494, G2495, G2496"
13n588,S951,-16,1,"G2092, G2093, G2091, G2094, G2090, G2095"
13n588,S952,-16,1,"G2498, G2499, G2497, G2496, G2501, G2500"
13n588,S953,-16,3,G2094
13n588,S954,-16,3,G2501
13n588,S955,-16,3,G2095
13n588,S956,-16,3,G2500
m13n588,S2127,4,-1,"G2679, G2680"
m13n588,S2128,4,-1,"G2273, G2274"
m13n588,S2129,4,1,"G2679, G2680"
m13n588,S2130,4,1,"G2273, G2274"
13n592,S957,-3,-2,G799
13n592,S958,-3,-2,G800
13n592,S959,-3,0,"G800, G801"
13n592,S960,-3,0,"G799, G802"
13n592,S961,-3,2,G802
13n592,S962,-3,2,G801
m13n592,S2131,-9,-2,G1711
m13n592,S2132,-9,-2,G1710
m13n592,S2133,-9,0,"G1713, G1710"
m13n592,S2134,-9,0,"G1711, G1712"
m13n592,S2135,-9,2,G1712
m13n592,S2136,-9,2,G1713
13n604,S964,-20,-3,G803
13n604,S963,-20,-1,"G804, G803, G805"
13n604,S965,-20,1,"G804, G806, G805"
13n604,S966,-20,3,G806
m13n604,S2137,8,-1,G1714
m13n604,S2138,8,1,G1714
13n1180,S734,-16,-3,G720
13n1180,S733,-16,-1,"G724, G722, G720, G721, G723"
13n1180,S735,-16,1,"G725, G724, G722, G721, G723"
13n1180,S736,-16,3,G725
m13n1180,S1949,4,-1,"G1651, G1652"
m13n1180,S1950,4,1,"G1651, G1652"
13n1192,S737,1,-2,G726
13n1192,S738,1,0,"G726, G727"
13n1192,S739,1,2,G727
m13n1192,S1951,-13,-2,G1653
m13n1192,S1952,-13,0,"G1653, G1654"
m13n1192,S1953,-13,2,G1654
13n1271,S740,-12,-1,"G2431, G2430"
13n1271,S741,-12,-1,"G2024, G2025"
13n1271,S742,-12,1,"G2431, G2430"
13n1271,S743,-12,1,"G2024, G2025"
m13n1271,S1954,0,-1,"G2218, G2217"
m13n1271,S1955,0,-1,"G2623, G2624"
m13n1271,S1956,0,1,"G2623, G2624"
m13n1271,S1957,0,1,"G2218, G2217"
13n1692,S744,-3,-2,"G2026, G2029"
13n1692,S745,-3,-2,"G2435, G2433"
13n1692,S746,-3,-2,"G2432, G2434"
13n1692,S747,-3,-2,"G2027, G2028"
13n1692,S748,-3,0,"G2026, G2029, G2031, G2032, G2033, G2027, G2028, G2030"
13n1692,S749,-3,0,"G2437, G2436, G2433, G2432, G2438, G2439, G2435, G2434"
13n1692,S750,-3,2,"G2031, G2032"
13n1692,S751,-3,2,"G2438, G2439"
13n1692,S752,-3,2,"G2436, G2437"
13n1692,S753,-3,2,"G2030, G2033"
m13n1692,S1958,-9,-2,G1656
m13n1692,S1959,-9,-2,G1655
m13n1692,S1960,-9,0,"G1656, G1657"
m13n1692,S1961,-9,0,"G1655, G1658"
m13n1692,S1962,-9,2,G1657
m13n1692,S1963,-9,2,G1658
13n1718,S754,-13,-2,G2034
13n1718,S755,-13,-2,G2440
13n1718,S756,-13,0,"G2034, G2035"
13n1718,S757,-13,0,"G2440, G2441"
13n1718,S758,-13,2,G2441
13n1718,S759,-13,2,G2035
m13n1718,S1964,1,-2,"G2626, G2625"
m13n1718,S1965,1,-2,"G2220, G2219"
m13n1718,S1966,1,0,"G2626, G2627, G2628, G2625"
m13n1718,S1967,1,0,"G2220, G2221, G2219, G2222"
m13n1718,S1968,1,2,"G2221, G2222"
m13n1718,S1969,1,2,"G2627, G2628"
13n1735,S760,1,-2,"G2442, G2443"
13n1735,S761,1,-2,"G2036, G2037"
13n1735,S762,1,0,"G2445, G2444, G2442, G2443"
13n1735,S763,1,0,"G2039, G2036, G2038, G2037"
13n1735,S764,1,2,"G2039, G2038"
13n1735,S765,1,2,"G2445, G2444"
m13n1735,S1970,-13,-2,G2629
m13n1735,S1971,-13,-2,G2223
m13n1735,S1972,-13,0,"G2224, G2223"
m13n1735,S1973,-13,0,"G2629, G2630"
m13n1735,S1974,-13,2,G2224
m13n1735,S1975,-13,2,G2630
13n1762,S768,-12,-3,G2040
13n1762,S769,-12,-3,G2446
13n1762,S766,-12,-1,"G2446, G2450, G2449, G2447, G2448"
13n1762,S767,-12,-1,"G2040, G2043, G2042, G2044, G2041"
13n1762,S770,-12,1,"G2043, G2042, G2045, G2044, G2041"
13n1762,S771,-12,1,"G2451, G2450, G2449, G2447, G2448"
13n1762,S772,-12,3,G2451
13n1762,S773,-12,3,G2045
m13n1762,S1976,0,-1,"G2632, G2631"
m13n1762,S1977,0,-1,"G2226, G2225"
m13n1762,S1978,0,1,"G2226, G2225"
m13n1762,S1979,0,1,"G2632, G2631"
13n1779,S774,-16,-1,"G728, G729"
13n1779,S775,-16,1,"G728, G729"
m13n1779,S1980,4,-1,"G1659, G1660"
m13n1779,S1981,4,1,"G1659, G1660"
13n1836,S776,-5,-2,G730
13n1836,S777,-5,0,"G730, G731"
13n1836,S778,-5,2,G731
m13n1836,S1982,-7,-2,G1661
m13n1836,S1983,-7,0,"G1662, G1661"
m13n1836,S1984,-7,2,G1662
13n1864,S780,-6,-1,"G732, G733"
13n1864,S782,-6,1,"G732, G733"
m13n1864,S1985,-6,-1,"G1664, G1663"
m13n1864,S1986,-6,1,"G1664, G1663"
13n1901,S783,-8,-1,"G2047, G2046"
13n1901,S784,-8,-1,"G2452, G2453"
13n1901,S785,-8,1,"G2047, G2046"
13n1901,S786,-8,1,"G2452, G2453"
m13n1901,S1987,-4,-1,"G2634, G2633"
m13n1901,S1988,-4,-1,"G2227, G2228"
m13n1901,S1989,-4,1,"G2634, G2633"
m13n1901,S1990,-4,1,"G2227, G2228"
13n1907,S788,-16,-3,G734
13n1907,S789,-16,-3,G735
13n1907,S787,-16,-1,"G735, G736, G737, G734"
13n1907,S790,-16,1,"G739, G738, G737, G736"
13n1907,S791,-16,3,G738
13n1907,S792,-16,3,G739
m13n1907,S1991,4,-1,"G1665, G1666"
m13n1907,S1992,4,1,"G1665, G1666"
13n1916,S795,-12,-3,G2048
13n1916,S796,-12,-3,G2454
13n1916,S793,-12,-1,"G2456, G2454, G2455"
13n1916,S794,-12,-1,"G2048, G2049, G2050"
13n1916,S797,-12,1,"G2049, G2051, G2050"
13n1916,S798,-12,1,"G2456, G2457, G2455"
13n1916,S799,-12,3,G2457
13n1916,S800,-12,3,G2051
m13n1916,S1993,0,-1,"G2636, G2635"
m13n1916,S1994,0,-1,"G2229, G2230"
m13n1916,S1995,0,1,"G2229, G2230"
m13n1916,S1996,0,1,"G2636, G2635"
13n1945,S803,-5,-2,G2052
13n1945,S804,-5,-2,G2458
13n1945,S805,-5,0,"G2459, G2458"
13n1945,S806,-5,0,"G2053, G2052"
13n1945,S807,-5,2,G2053
13n1945,S808,-5,2,G2459
m13n1945,S1999,-7,-2,"G2637, G2640"
m13n1945,S2000,-7,-2,"G2233, G2231"
m13n1945,S2001,-7,-2,"G2639, G2638"
m13n1945,S2002,-7,-2,"G2234, G2232"
m13n1945,S2003,-7,0,"G2641, G2644, G2639, G2638, G2643, G2637, G2642, G2640"
m13n1945,S2004,-7,0,"G2238, G2232, G2234, G2237, G2231, G2236, G2235, G2233"
m13n1945,S2005,-7,2,"G2237, G2238"
m13n1945,S2006,-7,2,"G2641, G2642"
m13n1945,S2007,-7,2,"G2236, G2235"
m13n1945,S2008,-7,2,"G2644, G2643"
13n2102,S811,-16,-3,G2460
13n2102,S812,-16,-3,G2054
13n2102,S809,-16,-1,"G2054, G2056, G2055"
13n2102,S810,-16,-1,"G2462, G2460, G2461"
13n2102,S813,-16,1,"G2463, G2461, G2462"
13n2102,S814,-16,1,"G2057, G2055, G2056"
13n2102,S815,-16,3,G2463
13n2102,S816,-16,3,G2057
m13n2102,S2009,4,-1,"G2646, G2645"
m13n2102,S2010,4,-1,"G2240, G2239"
m13n2102,S2011,4,1,"G2240, G2239"
m13n2102,S2012,4,1,"G2646, G2645"
13n2180,S818,-4,-1,"G743, G742"
13n2180,S820,-4,1,"G743, G742"
m13n2180,S2013,-8,-1,"G1670, G1669"
m13n2180,S2014,-8,1,"G1670, G1669"
13n2303,S821,-3,-2,"G2465, G2464"
13n2303,S822,-3,-2,"G2058, G2059"
13n2303,S823,-3,0,"G2061, G2060, G2058, G2059"
13n2303,S824,-3,0,"G2465, G2467, G2466, G2464"
13n2303,S825,-3,2,"G2467, G2466"
13n2303,S826,-3,2,"G2061, G2060"
m13n2303,S2015,-9,-2,G2647
m13n2303,S2016,-9,-2,G2241
m13n2303,S2017,-9,0,"G2241, G2242"
m13n2303,S2018,-9,0,"G2647, G2648"
m13n2303,S2019,-9,2,G2648
m13n2303,S2020,-9,2,G2242
13n2428,S829,-16,-3,G2468
13n2428,S830,-16,-3,G2062
13n2428,S827,-16,-1,"G2470, G2469, G2468"
13n2428,S828,-16,-1,"G2063, G2062, G2064"
13n2428,S831,-16,1,"G2063, G2064, G2065"
13n2428,S832,-16,1,"G2470, G2469, G2471"
13n2428,S833,-16,3,G2065
13n2428,S834,-16,3,G2471
m13n2428,S2021,4,-1,"G2650, G2649"
m13n2428,S2022,4,-1,"G2243, G2244"
m13n2428,S2023,4,1,"G2650, G2649"
m13n2428,S2024,4,1,"G2243, G2244"
13n2436,S835,-3,-2,G745
13n2436,S836,-3,-2,G744
13n2436,S837,-3,0,"G745, G747"
13n2436,S838,-3,0,"G744, G746"
13n2436,S839,-3,2,G746
13n2436,S840,-3,2,G747
m13n2436,S2025,-9,-2,G1671
m13n2436,S2026,-9,-2,G1672
m13n2436,S2027,-9,0,"G1674, G1672"
m13n2436,S2028,-9,0,"G1671, G1673"
m13n2436,S2029,-9,2,G1673
m13n2436,S2030,-9,2,G1674
13n2491,S841,-13,-2,G2472
13n2491,S842,-13,-2,G2066
13n2491,S843,-13,0,"G2473, G2472"
13n2491,S844,-13,0,"G2067, G2066"
13n2491,S845,-13,2,G2473
13n2491,S846,-13,2,G2067
m13n2491,S2031,1,-2,"G2651, G2652"
m13n2491,S2032,1,-2,"G2245, G2246"
m13n2491,S2033,1,0,"G2247, G2248, G2245, G2246"
m13n2491,S2034,1,0,"G2651, G2654, G2653, G2652"
m13n2491,S2035,1,2,"G2654, G2653"
m13n2491,S2036,1,2,"G2247, G2248"
13n2492,S849,-16,-3,G2068
13n2492,S850,-16,-3,G2474
13n2492,S847,-16,-1,"G2069, G2068, G2070"
13n2492,S848,-16,-1,"G2474, G2475, G2476"
13n2492,S851,-16,1,"G2069, G2071, G2070"
13n2492,S852,-16,1,"G2477, G2475, G2476"
13n2492,S853,-16,3,G2477
13n2492,S854,-16,3,G2071
m13n2492,S2037,4,-1,"G2655, G2656"
m13n2492,S2038,4,-1,"G2249, G2250"
m13n2492,S2039,4,1,"G2249, G2250"
m13n2492,S2040,4,1,"G2655, G2656"
13n2527,S855,-6,-1,"G2479, G2478"
13n2527,S856,-6,-1,"G2073, G2072"
13n2527,S857,-6,1,"G2479, G2478"
13n2527,S858,-6,1,"G2073, G2072"
m13n2527,S2041,-6,-1,"G2251, G2252"
m13n2527,S2042,-6,-1,"G2658, G2657"
m13n2527,S2043,-6,1,"G2251, G2252"
m13n2527,S2044,-6,1,"G2658, G2657"
13n2533,S861,-8,-3,G2074
13n2533,S862,-8,-3,G2480
13n2533,S859,-8,-1,"G2074, G2077, G2076, G2078, G2075"
13n2533,S860,-8,-1,"G2481, G2484, G2480, G2483, G2482"
13n2533,S863,-8,1,"G2078, G2076, G2077, G2079, G2075"
13n2533,S864,-8,1,"G2481, G2484, G2483, G2482, G2485"
13n2533,S865,-8,3,G2485
13n2533,S866,-8,3,G2079
m13n2533,S2045,-4,-1,"G2253, G2254"
m13n2533,S2046,-4,-1,"G2659, G2660"
m13n2533,S2047,-4,1,"G2253, G2254"
m13n2533,S2048,-4,1,"G2659, G2660"
13n2769,S867,-10,-1,"G2487, G2486"
13n2769,S868,-10,-1,"G2081, G2080"
13n2769,S869,-10,1,"G2487, G2486"
13n2769,S870,-10,1,"G2081, G2080"
m13n2769,S2049,-2,-1,"G2255, G2256"
m13n2769,S2050,-2,-1,"G2661, G2662"
m13n2769,S2051,-2,1,"G2661, G2662"
m13n2769,S2052,-2,1,"G2255, G2256"
13n2787,S871,-5,-2,G749
13n2787,S872,-5,-2,G748
13n2787,S873,-5,0,"G750, G749"
13n2787,S874,-5,0,"G751, G748"
13n2787,S875,-5,2,G751
13n2787,S876,-5,2,G750
m13n2787,S2053,-7,-2,"G2259, G2257"
m13n2787,S2054,-7,-2,G2664
m13n2787,S2055,-7,-2,G2258
m13n2787,S2056,-7,-2,"G2665, G2663"
m13n2787,S2057,-7,0,"G2261, G2259, G2257, G2262, G2260, G2258"
m13n2787,S2058,-7,0,"G2665, G2667, G2663, G2664, G2666, G2668"
m13n2787,S2059,-7,2,"G2260, G2262"
m13n2787,S2060,-7,2,G2666
m13n2787,S2061,-7,2,G2261
m13n2787,S2062,-7,2,"G2667, G2668"
13n2872,S877,-10,-1,"G752, G753"
13n2872,S878,-10,1,"G752, G753"
m13n2872,S2063,-2,-1,"G1676, G1675"
m13n2872,S2064,-2,1,"G1676, G1675"
13n3158,S879,-2,-1,"G2083, G2082"
13n3158,S880,-2,-1,"G2489, G2488"
13n3158,S881,-2,1,"G2083, G2082"
13n3158,S882,-2,1,"G2489, G2488"
m13n3158,S2065,-10,-1,"G2669, G2670"
m13n3158,S2066,-10,-1,"G2264, G2263"
m13n3158,S2067,-10,1,"G2264, G2263"
m13n3158,S2068,-10,1,"G2669, G2670"
13n3414,S883,-4,-1,"G2490, G2491"
13n3414,S884,-4,-1,"G2084, G2085"
13n3414,S885,-4,1,"G2490, G2491"
13n3414,S886,-4,1,"G2084, G2085"
m13n3414,S2069,-8,-1,"G2265, G2266"
m13n3414,S2070,-8,-1,"G2672, G2671"
m13n3414,S2071,-8,1,"G2265, G2266"
m13n3414,S2072,-8,1,"G2672, G2671"
13n3582,S887,-9,-2,"G757, G756"
13n3582,S888,-9,-2,"G754, G755"
13n3582,S889,-9,0,"G760, G758, G756, G759, G761, G754, G755, G757"
13n3582,S890,-9,2,"G761, G758"
13n3582,S891,-9,2,"G760, G759"
m13n3582,S2073,-3,-2,G1677
m13n3582,S2074,-3,0,"G1677, G1678"
m13n3582,S2075,-3,2,G1678
13n3589,S892,-14,-1,"G762, G763"
13n3589,S893,-14,1,"G762, G763"
m13n3589,S2076,2,-1,"G1679, G1680"
m13n3589,S2077,2,1,"G1679, G1680"
13n3596,S894,-12,-1,G764
13n3596,S895,-12,1,G764
m13n3596,S2078,0,-1,G1681
m13n3596,S2079,0,1,G1681
13n3602,S896,-12,-1,"G766, G765"
13n3602,S897,-12,1,"G766, G765"
m13n3602,S2080,0,-1,"G1682, G1683"
m13n3602,S2081,0,1,"G1682, G1683"
13n3956,S898,-9,-2,G767
13n3956,S899,-9,-2,G768
13n3956,S900,-9,0,"G767, G769"
13n3956,S901,-9,0,"G768, G770"
13n3956,S902,-9,2,G770
13n3956,S903,-9,2,G769
m13n3956,S2082,-3,-2,"G2673, G2674"
m13n3956,S2083,-3,-2,"G2267, G2268"
m13n3956,S2084,-3,0,"G2675, G2673, G2674, G2676"
m13n3956,S2085,-3,0,"G2267, G2270, G2268, G2269"
m13n3956,S2086,-3,2,"G2270, G2269"
m13n3956,S2087,-3,2,"G2675, G2676"
13n3960,S904,4,-1,"G771, G772"
13n3960,S905,4,1,"G771, G772"
m13n3960,S2089,-16,-3,"G1685, G1684"
m13n3960,S2088,-16,-1,"G1685, G1684, G1686, G1687"
m13n3960,S2090,-16,1,"G1689, G1688, G1686, G1687"
m13n3960,S2091,-16,3,"G1689, G1688"
13n3979,S906,-7,-2,G773
13n3979,S907,-7,0,"G773, G774"
13n3979,S908,-7,2,G774
m13n3979,S2092,-5,-2,G1690
m13n3979,S2093,-5,0,"G1691, G1690"
m13n3979,S2094,-5,2,G1691
13n4024,S910,-12,-3,G775
13n4024,S909,-12,-1,"G778, G779, G777, G775, G776"
13n4024,S911,-12,1,"G780, G778, G779, G777, G776"
13n4024,S912,-12,3,G780
m13n4024,S2095,0,-1,"G1692, G1693"
m13n4024,S2096,0,1,"G1692, G1693"
13n4084,S913,-14,-1,"G781, G782"
13n4084,S914,-14,1,"G781, G782"
m13n4084,S2097,2,-1,"G1694, G1695"
m13n4084,S2098,2,1,"G1694, G1695"
13n4104,S915,-4,-1,G783
13n4104,S916,-4,-1,G784
13n4104,S917,-4,1,G783
13n4104,S918,-4,1,G784
m13n4104,S2099,-8,-1,G1697
m13n4104,S2100,-8,-1,G1696
m13n4104,S2101,-8,1,G1697
m13n4104,S2102,-8,1,G1696
13n4508,S919,-12,-1,"G2086, G2087"
13n4508,S920,-12,-1,"G2493, G2492"
13n4508,S921,-12,1,"G2086, G2087"
13n4508,S922,-12,1,"G2493, G2492"
m13n4508,S2103,0,-1,"G2677, G2678"
m13n4508,S2104,0,-1,"G2271, G2272"
m13n4508,S2105,0,1,"G2271, G2272"
m13n4508,S2106,0,1,"G2677, G2678"
13n4587,S924,-20,-3,G785
13n4587,S923,-20,-1,G785
13n4587,S925,-20,1,G786
13n4587,S926,-20,3,G786
m13n4587,S2107,8,-1,G1698
m13n4587,S2108,8,1,G1698
13n4634,S927,-9,-2,G787
13n4634,S928,-9,0,"G787, G788"
13n4634,S929,-9,2,G788
m13n4634,S2109,-3,-2,G1699
m13n4634,S2110,-3,0,"G1700, G1699"
m13n4634,S2111,-3,2,G1700
13n4639,S931,-18,-3,G789
13n4639,S930,-18,-1,G789
13n4639,S932,-18,1,G790
13n4639,S933,-18,3,G790
m13n4639,S2112,6,-1,G1701
m13n4639,S2113,6,1,G1701
14n3155,S1003,-6,-1,"G2100, G2101"
14n3155,S1004,-6,-1,"G2507, G2506"
14n3155,S1005,-6,1,"G2100, G2101"
14n3155,S1006,-6,1,"G2507, G2506"
14n5294,S1007,-10,-1,"G824, G825"
14n5294,S1008,-10,1,"G824, G825"
m14n5294,S2161,-2,-1,"G1728, G1729"
m14n5294,S2162,-2,1,"G1728, G1729"
14n8212,S1009,-6,-1,"G2509, G2508"
14n8212,S1010,-6,-1,"G2103, G2102"
14n8212,S1011,-6,1,"G2509, G2508"
14n8212,S1012,-6,1,"G2103, G2102"
14n8584,S1013,-6,-1,"G2105, G2104"
14n8584,S1014,-6,-1,"G2511, G2510"
14n8584,S1015,-6,1,"G2105, G2104"
14n8584,S1016,-6,1,"G2511, G2510"
m14n8584,S2163,-6,-1,"G2683, G2684"
m14n8584,S2164,-6,-1,"G2277, G2278"
m14n8584,S2165,-6,1,"G2683, G2684"
m14n8584,S2166,-6,1,"G2277, G2278"
14n8700,S1017,-6,-1,"G2512, G2513"
14n8700,S1018,-6,-1,"G2107, G2106"
14n8700,S1019,-6,1,"G2512, G2513"
14n8700,S1020,-6,1,"G2107, G2106"
14n9408,S1021,-10,-1,"G2108, G2109"
14n9408,S1022,-10,-1,"G2514, G2515"
14n9408,S1023,-10,1,"G2108, G2109"
14n9408,S1024,-10,1,"G2514, G2515"
m14n9408,S2167,-2,-1,"G2280, G2279"
m14n9408,S2168,-2,-1,"G2686, G2685"
m14n9408,S2169,-2,1,"G2280, G2279"
m14n9408,S2170,-2,1,"G2686, G2685"
14n9994,S1025,-10,-1,"G2110, G2111"
14n9994,S1026,-10,-1,"G2516, G2517"
14n9994,S1027,-10,1,"G2516, G2517"
14n9994,S1028,-10,1,"G2110, G2111"
m14n9994,S2171,-2,-1,"G2688, G2687"
m14n9994,S2172,-2,-1,"G2282, G2281"
m14n9994,S2173,-2,1,"G2688, G2687"
m14n9994,S2174,-2,1,"G2282, G2281"
14n14356,S968,-20,-3,G807
14n14356,S967,-20,-1,G807
14n14356,S969,-20,1,G808
14n14356,S970,-20,3,G808
m14n14356,S2139,8,-1,G1715
m14n14356,S2140,8,1,G1715
14n14798,S971,-6,-1,"G2097, G2096"
14n14798,S972,-6,-1,"G2503, G2502"
14n14798,S973,-6,1,"G2503, G2502"
14n14798,S974,-6,1,"G2097, G2096"
14n16364,S976,-20,-3,G809
14n16364,S975,-20,-1,G809
14n16364,S977,-20,1,G810
14n16364,S978,-20,3,G810
m14n16364,S2141,8,-1,G1716
m14n16364,S2142,8,1,G1716
14n17954,S979,-6,-1,G811
14n17954,S980,-6,1,G811
14n21069,S981,-12,-1,"G813, G812"
14n21069,S982,-12,1,"G813, G812"
m14n21069,S2143,0,-1,"G1717, G1720, G1718, G1719"
m14n21069,S2144,0,1,"G1717, G1720, G1718, G1719"
14n21152,S983,-12,-1,G814
14n21152,S984,-12,-1,G815
14n21152,S985,-12,1,G814
14n21152,S986,-12,1,G815
m14n21152,S2145,0,-1,G1721
m14n21152,S2146,0,-1,G1722
m14n21152,S2147,0,1,G1721
m14n21152,S2148,0,1,G1722
14n21419,S987,-12,-1,"G2505, G2504"
14n21419,S988,-12,-1,"G2098, G2099"
14n21419,S989,-12,1,"G2505, G2504"
14n21419,S990,-12,1,"G2098, G2099"
m14n21419,S2149,0,-1,"G2276, G2275"
m14n21419,S2150,0,-1,"G2682, G2681"
m14n21419,S2151,0,1,"G2276, G2275"
m14n21419,S2152,0,1,"G2682, G2681"
14n21472,S991,-5,-2,G816
14n21472,S992,-5,0,"G817, G816"
14n21472,S993,-5,2,G817
m14n21472,S2153,-7,-2,G1723
m14n21472,S2154,-7,0,"G1723, G1724"
m14n21472,S2155,-7,2,G1724
14n21881,S996,-22,-5,G819
14n21881,S995,-22,-3,"G819, G818"
14n21881,S994,-22,-1,G818
14n21881,S997,-22,1,G820
14n21881,S998,-22,3,"G821, G820"
14n21881,S999,-22,5,G821
m14n21881,S2156,10,-1,G1725
m14n21881,S2157,10,1,G1725
14n22172,S1000,-9,-2,G822
14n22172,S1001,-9,0,"G822, G823"
14n22172,S1002,-9,2,G823
m14n22172,S2158,-3,-2,G1726
m14n22172,S2159,-3,0,"G1726, G1727"
m14n22172,S2160,-3,2,G1727
15n40180,S1041,-7,-2,G834
15n40180,S1042,-7,0,"G834, G835"
15n40180,S1043,-7,2,G835
m15n40180,S2185,-5,-2,G1737
m15n40180,S2186,-5,0,"G1737, G1738"
m15n40180,S2187,-5,2,G1738
15n40184,S1044,-11,-2,G836
15n40184,S1045,-11,-2,G837
15n40184,S1046,-11,0,"G836, G838"
15n40184,S1047,-11,0,"G839, G837"
15n40184,S1048,-11,2,G839
15n40184,S1049,-11,2,G838
m15n40184,S2188,-1,-2,G1739
m15n40184,S2189,-1,-2,G1740
m15n40184,S2190,-1,0,"G1740, G1742"
m15n40184,S2191,-1,0,"G1739, G1741"
m15n40184,S2192,-1,2,G1742
m15n40184,S2193,-1,2,G1741
15n40211,S1051,-22,-3,G840
15n40211,S1050,-22,-1,G840
15n40211,S1052,-22,1,G841
15n40211,S1053,-22,3,G841
m15n40211,S2194,10,-1,G1743
m15n40211,S2195,10,1,G1743
15n40214,S1055,-18,-3,G842
15n40214,S1054,-18,-1,"G844, G842, G843"
15n40214,S1056,-18,1,"G843, G844, G845"
15n40214,S1057,-18,3,G845
m15n40214,S2196,6,-1,"G1744, G1745"
m15n40214,S2197,6,1,"G1744, G1745"
15n41127,S1058,-7,-2,G846
15n41127,S1059,-7,0,"G847, G846"
15n41127,S1060,-7,2,G847
m15n41127,S2198,-5,-2,G1746
m15n41127,S2199,-5,0,"G1747, G1746"
m15n41127,S2200,-5,2,G1747
15n41131,S1062,-14,-3,G849
15n41131,S1063,-14,-3,G848
15n41131,S1061,-14,-1,"G852, G854, G848, G855, G850, G853, G851, G849"
15n41131,S1064,-14,1,"G852, G854, G856, G855, G850, G853, G851, G857"
15n41131,S1065,-14,3,G857
15n41131,S1066,-14,3,G856
m15n41131,S2201,2,-1,"G1748, G1749"
m15n41131,S2202,2,1,"G1748, G1749"
15n41189,S1067,-15,-2,G858
15n41189,S1068,-15,0,"G859, G858"
15n41189,S1069,-15,2,G859
m15n41189,S2203,3,-2,G1750
m15n41189,S2204,3,0,"G1751, G1750"
m15n41189,S2205,3,2,G1751
15n45482,S1070,-10,-1,"G860, G861"
15n45482,S1071,-10,1,"G860, G861"
m15n45482,S2206,-2,-1,"G1753, G1752"
m15n45482,S2207,-2,1,"G1753, G1752"
15n47800,S1072,-11,-2,G863
15n47800,S1073,-11,-2,G862
15n47800,S1074,-11,0,"G863, G864"
15n47800,S1075,-11,0,"G862, G865"
15n47800,S1076,-11,2,G864
15n47800,S1077,-11,2,G865
m15n47800,S2208,-1,-2,G1755
m15n47800,S2209,-1,-2,G1754
m15n47800,S2210,-1,0,"G1757, G1755"
m15n47800,S2211,-1,0,"G1754, G1756"
m15n47800,S2212,-1,2,G1757
m15n47800,S2213,-1,2,G1756
15n49058,S1078,-14,-1,"G866, G867"
15n49058,S1079,-14,1,"G866, G867"
m15n49058,S2214,2,-1,"G1758, G1759"
m15n49058,S2215,2,1,"G1758, G1759"
15n51709,S1080,-3,-2,G868
15n51709,S1081,-3,0,"G869, G868"
15n51709,S1082,-3,2,G869
m15n51709,S2216,-9,-2,G1760
m15n51709,S2217,-9,0,"G1760, G1761"
m15n51709,S2218,-9,2,G1761
15n52931,S1083,-18,-1,G870
15n52931,S1084,-18,1,G870
m15n52931,S2219,6,-1,G1762
m15n52931,S2220,6,1,G1762
15n52940,S1086,-18,-3,G871
15n52940,S1085,-18,-1,"G873, G872, G871"
15n52940,S1087,-18,1,"G873, G874, G872"
15n52940,S1088,-18,3,G874
m15n52940,S2221,6,-1,"G1763, G1764"
m15n52940,S2222,6,1,"G1763, G1764"
15n52944,S1089,-11,-2,G875
15n52944,S1090,-11,0,"G876, G875"
15n52944,S1091,-11,2,G876
m15n52944,S2223,-1,-2,G1765
m15n52944,S2224,-1,0,"G1766, G1765"
m15n52944,S2225,-1,2,G1766
15n53218,S1092,-14,-1,"G2519, G2518"
15n53218,S1093,-14,-1,"G2112, G2113"
15n53218,S1094,-14,1,"G2112, G2113"
15n53218,S1095,-14,1,"G2519, G2518"
m15n53218,S2226,2,-1,"G2690, G2689"
m15n53218,S2227,2,-1,"G2284, G2283"
m15n53218,S2228,2,1,"G2284, G2283"
m15n53218,S2229,2,1,"G2690, G2689"
15n56026,S1096,-7,-2,G877
15n56026,S1097,-7,0,G877
15n56026,S1098,-7,0,G878
15n56026,S1099,-7,2,G878
m15n56026,S2230,-5,-2,G1767
m15n56026,S2231,-5,0,"G1768, G1767"
m15n56026,S2232,-5,2,G1768
15n56079,S1101,-14,-3,G879
15n56079,S1100,-14,-1,G879
15n56079,S1102,-14,1,G880
15n56079,S1103,-14,3,G880
m15n56079,S2233,2,-1,"G1770, G1769"
m15n56079,S2234,2,1,"G1770, G1769"
15n59005,S1104,-7,-2,G881
15n59005,S1105,-7,0,"G882, G881"
15n59005,S1106,-7,2,G882
m15n59005,S2235,-5,-2,G1771
m15n59005,S2236,-5,0,"G1771, G1772"
m15n59005,S2237,-5,2,G1772
15n124802,S1030,-16,-3,G826
15n124802,S1029,-16,-1,G826
15n124802,S1031,-16,1,G827
15n124802,S1032,-16,3,G827
m15n124802,S2175,4,-1,G1730
m15n124802,S2176,4,1,G1730
15n124988,S1033,-16,-1,"G829, G828"
15n124988,S1034,-16,1,"G829, G828"
m15n124988,S2177,4,-1,"G1731, G1732"
m15n124988,S2178,4,1,"G1731, G1732"
15n127271,S1035,-12,-1,"G831, G830"
15n127271,S1036,-12,1,"G831, G830"
m15n127271,S2179,0,-1,"G1734, G1733"
m15n127271,S2180,0,1,"G1734, G1733"
15n130933,S1037,-2,-1,G832
15n130933,S1038,-2,-1,G833
15n130933,S1039,-2,1,G832
15n130933,S1040,-2,1,G833
m15n130933,S2181,-10,-1,G1736
m15n130933,S2182,-10,-1,G1735
m15n130933,S2183,-10,1,G1736
m15n130933,S2184,-10,1,G1735
16n207543,S1107,-2,-1,"G883, G884"
16n207543,S1108,-2,1,"G883, G884"
m16n207543,S2238,-10,-1,"G1773, G1774"
m16n207543,S2239,-10,1,"G1773, G1774"
16n226759,S1109,-12,-1,"G2115, G2521"
16n226759,S1110,-12,-1,"G2520, G2114"
16n226759,S1111,-12,1,"G2115, G2521"
16n226759,S1112,-12,1,"G2520, G2114"
m16n226759,S2240,0,-1,"G2285, G2286"
m16n226759,S2241,0,-1,"G2692, G2691"
m16n226759,S2242,0,1,"G2285, G2286"
m16n226759,S2243,0,1,"G2692, G2691"
16n245346,S1113,-2,-1,"G885, G886"
16n245346,S1114,-2,1,"G885, G886"
m16n245346,S2244,-10,-1,"G1776, G1775"
m16n245346,S2245,-10,1,"G1776, G1775"
16n245347,S1115,-8,-1,"G2116, G2117"
16n245347,S1116,-8,-1,"G2523, G2522"
16n245347,S1117,-8,1,"G2116, G2117"
16n245347,S1118,-8,1,"G2523, G2522"
m16n245347,S2246,-4,-1,"G2287, G2288"
m16n245347,S2247,-4,-1,"G2694, G2693"
m16n245347,S2248,-4,1,"G2694, G2693"
m16n245347,S2249,-4,1,"G2287, G2288"
16n246031,S1119,-4,-1,"G2524, G2525"
16n246031,S1120,-4,-1,"G2119, G2118"
16n246031,S1121,-4,1,"G2119, G2118"
16n246031,S1122,-4,1,"G2524, G2525"
m16n246031,S2250,-8,-1,"G2289, G2290"
m16n246031,S2251,-8,-1,"G2695, G2696"
m16n246031,S2252,-8,1,"G2289, G2290"
m16n246031,S2253,-8,1,"G2695, G2696"
16n246032,S1123,-6,-1,G887
16n246032,S1124,-6,1,G887
m16n246032,S2254,-6,-1,G1777
m16n246032,S2255,-6,1,G1777
16n765768,S1125,-14,-1,G888
16n765768,S1126,-14,1,G888
m16n765768,S2256,2,-1,G1778
m16n765768,S2257,2,1,G1778
17?,S1128,-24,-3,G889
17?,S1127,-24,-1,G889
17?,S1129,-24,1,G890
17?,S1130,-24,3,G890
m17?,S2258,12,-1,G1779
m17?,S2259,12,1,G1779